secteur,slug,meta_title,meta_description,intro,besoins_metier,avantages_site
Coach,coach,Landing page Coach – 299 € HT – Livraison 3 jours,"Landing page professionnelle pour Coach. Design premium, SEO optimisé et IA intégrée. Livraison express.","Landing26 conçoit des landing pages adaptées au secteur Coach, pensées pour convertir.","Les professionnels du secteur Coach ont besoin d'une présence claire, professionnelle et optimisée pour attirer leurs clients.","Design premium, optimisation SEO, intégration WhatsApp/Calendly, vitesse maximale."
Consultant,consultant,Landing page Consultant – 299 € HT – Livraison 3 jours,"Landing page professionnelle pour Consultant. Design premium, SEO optimisé et IA intégrée. Livraison express.","Landing26 conçoit des landing pages adaptées au secteur Consultant, pensées pour convertir.","Les professionnels du secteur Consultant ont besoin d'une présence claire, professionnelle et optimisée pour attirer leurs clients.","Design premium, optimisation SEO, intégration WhatsApp/Calendly, vitesse maximale."
Agent immobilier,agent-immobilier,Landing page Agent immobilier – 299 € HT – Livraison 3 jours,"Landing page professionnelle pour Agent immobilier. Design premium, SEO optimisé et IA intégrée. Livraison express.","Landing26 conçoit des landing pages adaptées au secteur Agent immobilier, pensées pour convertir.","Les professionnels du secteur Agent immobilier ont besoin d'une présence claire, professionnelle et optimisée pour attirer leurs clients.","Design premium, optimisation SEO, intégration WhatsApp/Calendly, vitesse maximale."
Photographe,photographe,Landing page Photographe – 299 € HT – Livraison 3 jours,"Landing page professionnelle pour Photographe. Design premium, SEO optimisé et IA intégrée. Livraison express.","Landing26 conçoit des landing pages adaptées au secteur Photographe, pensées pour convertir.","Les professionnels du secteur Photographe ont besoin d'une présence claire, professionnelle et optimisée pour attirer leurs clients.","Design premium, optimisation SEO, intégration WhatsApp/Calendly, vitesse maximale."
Restaurant,restaurant,Landing page Restaurant – 299 € HT – Livraison 3 jours,"Landing page professionnelle pour Restaurant. Design premium, SEO optimisé et IA intégrée. Livraison express.","Landing26 conçoit des landing pages adaptées au secteur Restaurant, pensées pour convertir.","Les professionnels du secteur Restaurant ont besoin d'une présence claire, professionnelle et optimisée pour attirer leurs clients.","Design premium, optimisation SEO, intégration WhatsApp/Calendly, vitesse maximale."
Hotel,hotel,Landing page Hotel – 299 € HT – Livraison 3 jours,"Landing page professionnelle pour Hotel. Design premium, SEO optimisé et IA intégrée. Livraison express.","Landing26 conçoit des landing pages adaptées au secteur Hotel, pensées pour convertir.","Les professionnels du secteur Hotel ont besoin d'une présence claire, professionnelle et optimisée pour attirer leurs clients.","Design premium, optimisation SEO, intégration WhatsApp/Calendly, vitesse maximale."
Plombier,plombier,Landing page Plombier – 299 € HT – Livraison 3 jours,"Landing page professionnelle pour Plombier. Design premium, SEO optimisé et IA intégrée. Livraison express.","Landing26 conçoit des landing pages adaptées au secteur Plombier, pensées pour convertir.","Les professionnels du secteur Plombier ont besoin d'une présence claire, professionnelle et optimisée pour attirer leurs clients.","Design premium, optimisation SEO, intégration WhatsApp/Calendly, vitesse maximale."
Electricien,electricien,Landing page Electricien – 299 € HT – Livraison 3 jours,"Landing page professionnelle pour Electricien. Design premium, SEO optimisé et IA intégrée. Livraison express.","Landing26 conçoit des landing pages adaptées au secteur Electricien, pensées pour convertir.","Les professionnels du secteur Electricien ont besoin d'une présence claire, professionnelle et optimisée pour attirer leurs clients.","Design premium, optimisation SEO, intégration WhatsApp/Calendly, vitesse maximale."
Chauffagiste,chauffagiste,Landing page Chauffagiste – 299 € HT – Livraison 3 jours,"Landing page professionnelle pour Chauffagiste. Design premium, SEO optimisé et IA intégrée. Livraison express.","Landing26 conçoit des landing pages adaptées au secteur Chauffagiste, pensées pour convertir.","Les professionnels du secteur Chauffagiste ont besoin d'une présence claire, professionnelle et optimisée pour attirer leurs clients.","Design premium, optimisation SEO, intégration WhatsApp/Calendly, vitesse maximale."
Avocat,avocat,Landing page Avocat – 299 € HT – Livraison 3 jours,"Landing page professionnelle pour Avocat. Design premium, SEO optimisé et IA intégrée. Livraison express.","Landing26 conçoit des landing pages adaptées au secteur Avocat, pensées pour convertir.","Les professionnels du secteur Avocat ont besoin d'une présence claire, professionnelle et optimisée pour attirer leurs clients.","Design premium, optimisation SEO, intégration WhatsApp/Calendly, vitesse maximale."
Comptable,comptable,Landing page Comptable – 299 € HT – Livraison 3 jours,"Landing page professionnelle pour Comptable. Design premium, SEO optimisé et IA intégrée. Livraison express.","Landing26 conçoit des landing pages adaptées au secteur Comptable, pensées pour convertir.","Les professionnels du secteur Comptable ont besoin d'une présence claire, professionnelle et optimisée pour attirer leurs clients.","Design premium, optimisation SEO, intégration WhatsApp/Calendly, vitesse maximale."
Expert SEO,expert-seo,Landing page Expert SEO – 299 € HT – Livraison 3 jours,"Landing page professionnelle pour Expert SEO. Design premium, SEO optimisé et IA intégrée. Livraison express.","Landing26 conçoit des landing pages adaptées au secteur Expert SEO, pensées pour convertir.","Les professionnels du secteur Expert SEO ont besoin d'une présence claire, professionnelle et optimisée pour attirer leurs clients.","Design premium, optimisation SEO, intégration WhatsApp/Calendly, vitesse maximale."
Graphiste,graphiste,Landing page Graphiste – 299 € HT – Livraison 3 jours,"Landing page professionnelle pour Graphiste. Design premium, SEO optimisé et IA intégrée. Livraison express.","Landing26 conçoit des landing pages adaptées au secteur Graphiste, pensées pour convertir.","Les professionnels du secteur Graphiste ont besoin d'une présence claire, professionnelle et optimisée pour attirer leurs clients.","Design premium, optimisation SEO, intégration WhatsApp/Calendly, vitesse maximale."
Freelance digital,freelance-digital,Landing page Freelance digital – 299 € HT – Livraison 3 jours,"Landing page professionnelle pour Freelance digital. Design premium, SEO optimisé et IA intégrée. Livraison express.","Landing26 conçoit des landing pages adaptées au secteur Freelance digital, pensées pour convertir.","Les professionnels du secteur Freelance digital ont besoin d'une présence claire, professionnelle et optimisée pour attirer leurs clients.","Design premium, optimisation SEO, intégration WhatsApp/Calendly, vitesse maximale."
Service B2B,service-b2b,Landing page Service B2B – 299 € HT – Livraison 3 jours,"Landing page professionnelle pour Service B2B. Design premium, SEO optimisé et IA intégrée. Livraison express.","Landing26 conçoit des landing pages adaptées au secteur Service B2B, pensées pour convertir.","Les professionnels du secteur Service B2B ont besoin d'une présence claire, professionnelle et optimisée pour attirer leurs clients.","Design premium, optimisation SEO, intégration WhatsApp/Calendly, vitesse maximale."
Architecte,architecte,Landing page Architecte – 299 € HT – Livraison 3 jours,"Landing page professionnelle pour Architecte. Design premium, SEO optimisé et IA intégrée. Livraison express.","Landing26 conçoit des landing pages adaptées au secteur Architecte, pensées pour convertir.","Les professionnels du secteur Architecte ont besoin d'une présence claire, professionnelle et optimisée pour attirer leurs clients.","Design premium, optimisation SEO, intégration WhatsApp/Calendly, vitesse maximale."
Paysagiste,paysagiste,Landing page Paysagiste – 299 € HT – Livraison 3 jours,"Landing page professionnelle pour Paysagiste. Design premium, SEO optimisé et IA intégrée. Livraison express.","Landing26 conçoit des landing pages adaptées au secteur Paysagiste, pensées pour convertir.","Les professionnels du secteur Paysagiste ont besoin d'une présence claire, professionnelle et optimisée pour attirer leurs clients.","Design premium, optimisation SEO, intégration WhatsApp/Calendly, vitesse maximale."
Centre de formation,centre-de-formation,Landing page Centre de formation – 299 € HT – Livraison 3 jours,"Landing page professionnelle pour Centre de formation. Design premium, SEO optimisé et IA intégrée. Livraison express.","Landing26 conçoit des landing pages adaptées au secteur Centre de formation, pensées pour convertir.","Les professionnels du secteur Centre de formation ont besoin d'une présence claire, professionnelle et optimisée pour attirer leurs clients.","Design premium, optimisation SEO, intégration WhatsApp/Calendly, vitesse maximale."
Auto-entrepreneur,auto-entrepreneur,Landing page Auto-entrepreneur – 299 € HT – Livraison 3 jours,"Landing page professionnelle pour Auto-entrepreneur. Design premium, SEO optimisé et IA intégrée. Livraison express.","Landing26 conçoit des landing pages adaptées au secteur Auto-entrepreneur, pensées pour convertir.","Les professionnels du secteur Auto-entrepreneur ont besoin d'une présence claire, professionnelle et optimisée pour attirer leurs clients.","Design premium, optimisation SEO, intégration WhatsApp/Calendly, vitesse maximale."
Salon de beauté,salon-de-beaute,Landing page Salon de beauté – 299 € HT – Livraison 3 jours,"Landing page professionnelle pour Salon de beauté. Design premium, SEO optimisé et IA intégrée. Livraison express.","Landing26 conçoit des landing pages adaptées au secteur Salon de beauté, pensées pour convertir.","Les professionnels du secteur Salon de beauté ont besoin d'une présence claire, professionnelle et optimisée pour attirer leurs clients.","Design premium, optimisation SEO, intégration WhatsApp/Calendly, vitesse maximale."
Coiffeur,coiffeur,Landing page Coiffeur – 299 € HT – Livraison 3 jours,"Landing page professionnelle pour Coiffeur. Design premium, SEO optimisé et IA intégrée. Livraison express.","Landing26 conçoit des landing pages adaptées au secteur Coiffeur, pensées pour convertir.","Les professionnels du secteur Coiffeur ont besoin d'une présence claire, professionnelle et optimisée pour attirer leurs clients.","Design premium, optimisation SEO, intégration WhatsApp/Calendly, vitesse maximale."
Barbier,barbier,Landing page Barbier – 299 € HT – Livraison 3 jours,"Landing page professionnelle pour Barbier. Design premium, SEO optimisé et IA intégrée. Livraison express.","Landing26 conçoit des landing pages adaptées au secteur Barbier, pensées pour convertir.","Les professionnels du secteur Barbier ont besoin d'une présence claire, professionnelle et optimisée pour attirer leurs clients.","Design premium, optimisation SEO, intégration WhatsApp/Calendly, vitesse maximale."
Nutritionniste,nutritionniste,Landing page Nutritionniste – 299 € HT – Livraison 3 jours,"Landing page professionnelle pour Nutritionniste. Design premium, SEO optimisé et IA intégrée. Livraison express.","Landing26 conçoit des landing pages adaptées au secteur Nutritionniste, pensées pour convertir.","Les professionnels du secteur Nutritionniste ont besoin d'une présence claire, professionnelle et optimisée pour attirer leurs clients.","Design premium, optimisation SEO, intégration WhatsApp/Calendly, vitesse maximale."
Therapeute,therapeute,Landing page Therapeute – 299 € HT – Livraison 3 jours,"Landing page professionnelle pour Therapeute. Design premium, SEO optimisé et IA intégrée. Livraison express.","Landing26 conçoit des landing pages adaptées au secteur Therapeute, pensées pour convertir.","Les professionnels du secteur Therapeute ont besoin d'une présence claire, professionnelle et optimisée pour attirer leurs clients.","Design premium, optimisation SEO, intégration WhatsApp/Calendly, vitesse maximale."
Centre médical,centre-medical,Landing page Centre médical – 299 € HT – Livraison 3 jours,"Landing page professionnelle pour Centre médical. Design premium, SEO optimisé et IA intégrée. Livraison express.","Landing26 conçoit des landing pages adaptées au secteur Centre médical, pensées pour convertir.","Les professionnels du secteur Centre médical ont besoin d'une présence claire, professionnelle et optimisée pour attirer leurs clients.","Design premium, optimisation SEO, intégration WhatsApp/Calendly, vitesse maximale."
Clinique dentaire,clinique-dentaire,Landing page Clinique dentaire – 299 € HT – Livraison 3 jours,"Landing page professionnelle pour Clinique dentaire. Design premium, SEO optimisé et IA intégrée. Livraison express.","Landing26 conçoit des landing pages adaptées au secteur Clinique dentaire, pensées pour convertir.","Les professionnels du secteur Clinique dentaire ont besoin d'une présence claire, professionnelle et optimisée pour attirer leurs clients.","Design premium, optimisation SEO, intégration WhatsApp/Calendly, vitesse maximale."
VTC,vtc,Landing page VTC – 299 € HT – Livraison 3 jours,"Landing page professionnelle pour VTC. Design premium, SEO optimisé et IA intégrée. Livraison express.","Landing26 conçoit des landing pages adaptées au secteur VTC, pensées pour convertir.","Les professionnels du secteur VTC ont besoin d'une présence claire, professionnelle et optimisée pour attirer leurs clients.","Design premium, optimisation SEO, intégration WhatsApp/Calendly, vitesse maximale."
Garage automobile,garage-automobile,Landing page Garage automobile – 299 € HT – Livraison 3 jours,"Landing page professionnelle pour Garage automobile. Design premium, SEO optimisé et IA intégrée. Livraison express.","Landing26 conçoit des landing pages adaptées au secteur Garage automobile, pensées pour convertir.","Les professionnels du secteur Garage automobile ont besoin d'une présence claire, professionnelle et optimisée pour attirer leurs clients.","Design premium, optimisation SEO, intégration WhatsApp/Calendly, vitesse maximale."
Service informatique,service-informatique,Landing page Service informatique – 299 € HT – Livraison 3 jours,"Landing page professionnelle pour Service informatique. Design premium, SEO optimisé et IA intégrée. Livraison express.","Landing26 conçoit des landing pages adaptées au secteur Service informatique, pensées pour convertir.","Les professionnels du secteur Service informatique ont besoin d'une présence claire, professionnelle et optimisée pour attirer leurs clients.","Design premium, optimisation SEO, intégration WhatsApp/Calendly, vitesse maximale."
SSII,ssii,Landing page SSII – 299 € HT – Livraison 3 jours,"Landing page professionnelle pour SSII. Design premium, SEO optimisé et IA intégrée. Livraison express.","Landing26 conçoit des landing pages adaptées au secteur SSII, pensées pour convertir.","Les professionnels du secteur SSII ont besoin d'une présence claire, professionnelle et optimisée pour attirer leurs clients.","Design premium, optimisation SEO, intégration WhatsApp/Calendly, vitesse maximale."
Coach sportif,coach-sportif,Landing page Coach sportif – 299 € HT – Livraison 3 jours,"Landing page professionnelle pour Coach sportif. Design premium, SEO optimisé et IA intégrée. Livraison express.","Landing26 conçoit des landing pages adaptées au secteur Coach sportif, pensées pour convertir.","Les professionnels du secteur Coach sportif ont besoin d'une présence claire, professionnelle et optimisée pour attirer leurs clients.","Design premium, optimisation SEO, intégration WhatsApp/Calendly, vitesse maximale."
Psychologue,psychologue,Landing page Psychologue – 299 € HT – Livraison 3 jours,"Landing page professionnelle pour Psychologue. Design premium, SEO optimisé et IA intégrée. Livraison express.","Landing26 conçoit des landing pages adaptées au secteur Psychologue, pensées pour convertir.","Les professionnels du secteur Psychologue ont besoin d'une présence claire, professionnelle et optimisée pour attirer leurs clients.","Design premium, optimisation SEO, intégration WhatsApp/Calendly, vitesse maximale."
Entreprise de nettoyage,entreprise-de-nettoyage,Landing page Entreprise de nettoyage – 299 € HT – Livraison 3 jours,"Landing page professionnelle pour Entreprise de nettoyage. Design premium, SEO optimisé et IA intégrée. Livraison express.","Landing26 conçoit des landing pages adaptées au secteur Entreprise de nettoyage, pensées pour convertir.","Les professionnels du secteur Entreprise de nettoyage ont besoin d'une présence claire, professionnelle et optimisée pour attirer leurs clients.","Design premium, optimisation SEO, intégration WhatsApp/Calendly, vitesse maximale."
Agence marketing,agence-marketing,Landing page Agence marketing – 299 € HT – Livraison 3 jours,"Landing page professionnelle pour Agence marketing. Design premium, SEO optimisé et IA intégrée. Livraison express.","Landing26 conçoit des landing pages adaptées au secteur Agence marketing, pensées pour convertir.","Les professionnels du secteur Agence marketing ont besoin d'une présence claire, professionnelle et optimisée pour attirer leurs clients.","Design premium, optimisation SEO, intégration WhatsApp/Calendly, vitesse maximale."
Formateur indépendant,formateur-independant,Landing page Formateur indépendant – 299 € HT – Livraison 3 jours,"Landing page professionnelle pour Formateur indépendant. Design premium, SEO optimisé et IA intégrée. Livraison express.","Landing26 conçoit des landing pages adaptées au secteur Formateur indépendant, pensées pour convertir.","Les professionnels du secteur Formateur indépendant ont besoin d'une présence claire, professionnelle et optimisée pour attirer leurs clients.","Design premium, optimisation SEO, intégration WhatsApp/Calendly, vitesse maximale."
Courtier,courtier,Landing page Courtier – 299 € HT – Livraison 3 jours,"Landing page professionnelle pour Courtier. Design premium, SEO optimisé et IA intégrée. Livraison express.","Landing26 conçoit des landing pages adaptées au secteur Courtier, pensées pour convertir.","Les professionnels du secteur Courtier ont besoin d'une présence claire, professionnelle et optimisée pour attirer leurs clients.","Design premium, optimisation SEO, intégration WhatsApp/Calendly, vitesse maximale."
Consultant RH,consultant-rh,Landing page Consultant RH – 299 € HT – Livraison 3 jours,"Landing page professionnelle pour Consultant RH. Design premium, SEO optimisé et IA intégrée. Livraison express.","Landing26 conçoit des landing pages adaptées au secteur Consultant RH, pensées pour convertir.","Les professionnels du secteur Consultant RH ont besoin d'une présence claire, professionnelle et optimisée pour attirer leurs clients.","Design premium, optimisation SEO, intégration WhatsApp/Calendly, vitesse maximale."
Assurances,assurances,Landing page Assurances – 299 € HT – Livraison 3 jours,"Landing page professionnelle pour Assurances. Design premium, SEO optimisé et IA intégrée. Livraison express.","Landing26 conçoit des landing pages adaptées au secteur Assurances, pensées pour convertir.","Les professionnels du secteur Assurances ont besoin d'une présence claire, professionnelle et optimisée pour attirer leurs clients.","Design premium, optimisation SEO, intégration WhatsApp/Calendly, vitesse maximale."
Service de rénovation,service-de-renovation,Landing page Service de rénovation – 299 € HT – Livraison 3 jours,"Landing page professionnelle pour Service de rénovation. Design premium, SEO optimisé et IA intégrée. Livraison express.","Landing26 conçoit des landing pages adaptées au secteur Service de rénovation, pensées pour convertir.","Les professionnels du secteur Service de rénovation ont besoin d'une présence claire, professionnelle et optimisée pour attirer leurs clients.","Design premium, optimisation SEO, intégration WhatsApp/Calendly, vitesse maximale."
BTP,btp,Landing page BTP – 299 € HT – Livraison 3 jours,"Landing page professionnelle pour BTP. Design premium, SEO optimisé et IA intégrée. Livraison express.","Landing26 conçoit des landing pages adaptées au secteur BTP, pensées pour convertir.","Les professionnels du secteur BTP ont besoin d'une présence claire, professionnelle et optimisée pour attirer leurs clients.","Design premium, optimisation SEO, intégration WhatsApp/Calendly, vitesse maximale."
Menuisier,menuisier,Landing page Menuisier – 299 € HT – Livraison 3 jours,"Landing page professionnelle pour Menuisier. Design premium, SEO optimisé et IA intégrée. Livraison express.","Landing26 conçoit des landing pages adaptées au secteur Menuisier, pensées pour convertir.","Les professionnels du secteur Menuisier ont besoin d'une présence claire, professionnelle et optimisée pour attirer leurs clients.","Design premium, optimisation SEO, intégration WhatsApp/Calendly, vitesse maximale."
Carreleur,carreleur,Landing page Carreleur – 299 € HT – Livraison 3 jours,"Landing page professionnelle pour Carreleur. Design premium, SEO optimisé et IA intégrée. Livraison express.","Landing26 conçoit des landing pages adaptées au secteur Carreleur, pensées pour convertir.","Les professionnels du secteur Carreleur ont besoin d'une présence claire, professionnelle et optimisée pour attirer leurs clients.","Design premium, optimisation SEO, intégration WhatsApp/Calendly, vitesse maximale."
Macon,macon,Landing page Macon – 299 € HT – Livraison 3 jours,"Landing page professionnelle pour Macon. Design premium, SEO optimisé et IA intégrée. Livraison express.","Landing26 conçoit des landing pages adaptées au secteur Macon, pensées pour convertir.","Les professionnels du secteur Macon ont besoin d'une présence claire, professionnelle et optimisée pour attirer leurs clients.","Design premium, optimisation SEO, intégration WhatsApp/Calendly, vitesse maximale."
Couvreur,couvreur,Landing page Couvreur – 299 € HT – Livraison 3 jours,"Landing page professionnelle pour Couvreur. Design premium, SEO optimisé et IA intégrée. Livraison express.","Landing26 conçoit des landing pages adaptées au secteur Couvreur, pensées pour convertir.","Les professionnels du secteur Couvreur ont besoin d'une présence claire, professionnelle et optimisée pour attirer leurs clients.","Design premium, optimisation SEO, intégration WhatsApp/Calendly, vitesse maximale."
Peintre bâtiment,peintre-batiment,Landing page Peintre bâtiment – 299 € HT – Livraison 3 jours,"Landing page professionnelle pour Peintre bâtiment. Design premium, SEO optimisé et IA intégrée. Livraison express.","Landing26 conçoit des landing pages adaptées au secteur Peintre bâtiment, pensées pour convertir.","Les professionnels du secteur Peintre bâtiment ont besoin d'une présence claire, professionnelle et optimisée pour attirer leurs clients.","Design premium, optimisation SEO, intégration WhatsApp/Calendly, vitesse maximale."
Serrurier,serrurier,Landing page Serrurier – 299 € HT – Livraison 3 jours,"Landing page professionnelle pour Serrurier. Design premium, SEO optimisé et IA intégrée. Livraison express.","Landing26 conçoit des landing pages adaptées au secteur Serrurier, pensées pour convertir.","Les professionnels du secteur Serrurier ont besoin d'une présence claire, professionnelle et optimisée pour attirer leurs clients.","Design premium, optimisation SEO, intégration WhatsApp/Calendly, vitesse maximale."
Jardinier,jardinier,Landing page Jardinier – 299 € HT – Livraison 3 jours,"Landing page professionnelle pour Jardinier. Design premium, SEO optimisé et IA intégrée. Livraison express.","Landing26 conçoit des landing pages adaptées au secteur Jardinier, pensées pour convertir.","Les professionnels du secteur Jardinier ont besoin d'une présence claire, professionnelle et optimisée pour attirer leurs clients.","Design premium, optimisation SEO, intégration WhatsApp/Calendly, vitesse maximale."
Agence immobilière,agence-immobiliere,Landing page Agence immobilière – 299 € HT – Livraison 3 jours,"Landing page professionnelle pour Agence immobilière. Design premium, SEO optimisé et IA intégrée. Livraison express.","Landing26 conçoit des landing pages adaptées au secteur Agence immobilière, pensées pour convertir.","Les professionnels du secteur Agence immobilière ont besoin d'une présence claire, professionnelle et optimisée pour attirer leurs clients.","Design premium, optimisation SEO, intégration WhatsApp/Calendly, vitesse maximale."
Promoteur immobilier,promoteur-immobilier,Landing page Promoteur immobilier – 299 € HT – Livraison 3 jours,"Landing page professionnelle pour Promoteur immobilier. Design premium, SEO optimisé et IA intégrée. Livraison express.","Landing26 conçoit des landing pages adaptées au secteur Promoteur immobilier, pensées pour convertir.","Les professionnels du secteur Promoteur immobilier ont besoin d'une présence claire, professionnelle et optimisée pour attirer leurs clients.","Design premium, optimisation SEO, intégration WhatsApp/Calendly, vitesse maximale."
Chirurgien dentiste,chirurgien-dentiste,Landing page Chirurgien dentiste – 299 € HT – Livraison 3 jours,"Landing page professionnelle pour Chirurgien dentiste. Design premium, SEO optimisé et IA intégrée. Livraison express.","Landing26 conçoit des landing pages adaptées au secteur Chirurgien dentiste, pensées pour convertir.","Les professionnels du secteur Chirurgien dentiste ont besoin d'une présence claire, professionnelle et optimisée pour attirer leurs clients.","Design premium, optimisation SEO, intégration WhatsApp/Calendly, vitesse maximale."
Osteopathe,osteopathe,Landing page Osteopathe – 299 € HT – Livraison 3 jours,"Landing page professionnelle pour Osteopathe. Design premium, SEO optimisé et IA intégrée. Livraison express.","Landing26 conçoit des landing pages adaptées au secteur Osteopathe, pensées pour convertir.","Les professionnels du secteur Osteopathe ont besoin d'une présence claire, professionnelle et optimisée pour attirer leurs clients.","Design premium, optimisation SEO, intégration WhatsApp/Calendly, vitesse maximale."
Kinesitherapeute,kinesitherapeute,Landing page Kinesitherapeute – 299 € HT – Livraison 3 jours,"Landing page professionnelle pour Kinesitherapeute. Design premium, SEO optimisé et IA intégrée. Livraison express.","Landing26 conçoit des landing pages adaptées au secteur Kinesitherapeute, pensées pour convertir.","Les professionnels du secteur Kinesitherapeute ont besoin d'une présence claire, professionnelle et optimisée pour attirer leurs clients.","Design premium, optimisation SEO, intégration WhatsApp/Calendly, vitesse maximale."
Infirmier liberal,infirmier-liberal,Landing page Infirmier liberal – 299 € HT – Livraison 3 jours,"Landing page professionnelle pour Infirmier liberal. Design premium, SEO optimisé et IA intégrée. Livraison express.","Landing26 conçoit des landing pages adaptées au secteur Infirmier liberal, pensées pour convertir.","Les professionnels du secteur Infirmier liberal ont besoin d'une présence claire, professionnelle et optimisée pour attirer leurs clients.","Design premium, optimisation SEO, intégration WhatsApp/Calendly, vitesse maximale."
Psychotherapeute,psychotherapeute,Landing page Psychotherapeute – 299 € HT – Livraison 3 jours,"Landing page professionnelle pour Psychotherapeute. Design premium, SEO optimisé et IA intégrée. Livraison express.","Landing26 conçoit des landing pages adaptées au secteur Psychotherapeute, pensées pour convertir.","Les professionnels du secteur Psychotherapeute ont besoin d'une présence claire, professionnelle et optimisée pour attirer leurs clients.","Design premium, optimisation SEO, intégration WhatsApp/Calendly, vitesse maximale."
Business developer,business-developer,Landing page Business developer – 299 € HT – Livraison 3 jours,"Landing page professionnelle pour Business developer. Design premium, SEO optimisé et IA intégrée. Livraison express.","Landing26 conçoit des landing pages adaptées au secteur Business developer, pensées pour convertir.","Les professionnels du secteur Business developer ont besoin d'une présence claire, professionnelle et optimisée pour attirer leurs clients.","Design premium, optimisation SEO, intégration WhatsApp/Calendly, vitesse maximale."
Copywriter,copywriter,Landing page Copywriter – 299 € HT – Livraison 3 jours,"Landing page professionnelle pour Copywriter. Design premium, SEO optimisé et IA intégrée. Livraison express.","Landing26 conçoit des landing pages adaptées au secteur Copywriter, pensées pour convertir.","Les professionnels du secteur Copywriter ont besoin d'une présence claire, professionnelle et optimisée pour attirer leurs clients.","Design premium, optimisation SEO, intégration WhatsApp/Calendly, vitesse maximale."
Community manager,community-manager,Landing page Community manager – 299 € HT – Livraison 3 jours,"Landing page professionnelle pour Community manager. Design premium, SEO optimisé et IA intégrée. Livraison express.","Landing26 conçoit des landing pages adaptées au secteur Community manager, pensées pour convertir.","Les professionnels du secteur Community manager ont besoin d'une présence claire, professionnelle et optimisée pour attirer leurs clients.","Design premium, optimisation SEO, intégration WhatsApp/Calendly, vitesse maximale."
Administrateur systemes,administrateur-systemes,Landing page Administrateur systemes – 299 € HT – Livraison 3 jours,"Landing page professionnelle pour Administrateur systemes. Design premium, SEO optimisé et IA intégrée. Livraison express.","Landing26 conçoit des landing pages adaptées au secteur Administrateur systemes, pensées pour convertir.","Les professionnels du secteur Administrateur systemes ont besoin d'une présence claire, professionnelle et optimisée pour attirer leurs clients.","Design premium, optimisation SEO, intégration WhatsApp/Calendly, vitesse maximale."
Developpeur web,developpeur-web,Landing page Developpeur web – 299 € HT – Livraison 3 jours,"Landing page professionnelle pour Developpeur web. Design premium, SEO optimisé et IA intégrée. Livraison express.","Landing26 conçoit des landing pages adaptées au secteur Developpeur web, pensées pour convertir.","Les professionnels du secteur Developpeur web ont besoin d'une présence claire, professionnelle et optimisée pour attirer leurs clients.","Design premium, optimisation SEO, intégration WhatsApp/Calendly, vitesse maximale."
Coach business,coach-business,Landing page Coach business – 299 € HT – Livraison 3 jours,"Landing page professionnelle pour Coach business. Design premium, SEO optimisé et IA intégrée. Livraison express.","Landing26 conçoit des landing pages adaptées au secteur Coach business, pensées pour convertir.","Les professionnels du secteur Coach business ont besoin d'une présence claire, professionnelle et optimisée pour attirer leurs clients.","Design premium, optimisation SEO, intégration WhatsApp/Calendly, vitesse maximale."
Coach mindset,coach-mindset,Landing page Coach mindset – 299 € HT – Livraison 3 jours,"Landing page professionnelle pour Coach mindset. Design premium, SEO optimisé et IA intégrée. Livraison express.","Landing26 conçoit des landing pages adaptées au secteur Coach mindset, pensées pour convertir.","Les professionnels du secteur Coach mindset ont besoin d'une présence claire, professionnelle et optimisée pour attirer leurs clients.","Design premium, optimisation SEO, intégration WhatsApp/Calendly, vitesse maximale."
Consultant IA,consultant-ia,Landing page Consultant IA – 299 € HT – Livraison 3 jours,"Landing page professionnelle pour Consultant IA. Design premium, SEO optimisé et IA intégrée. Livraison express.","Landing26 conçoit des landing pages adaptées au secteur Consultant IA, pensées pour convertir.","Les professionnels du secteur Consultant IA ont besoin d'une présence claire, professionnelle et optimisée pour attirer leurs clients.","Design premium, optimisation SEO, intégration WhatsApp/Calendly, vitesse maximale."
Consultant strategie,consultant-strategie,Landing page Consultant strategie – 299 € HT – Livraison 3 jours,"Landing page professionnelle pour Consultant strategie. Design premium, SEO optimisé et IA intégrée. Livraison express.","Landing26 conçoit des landing pages adaptées au secteur Consultant strategie, pensées pour convertir.","Les professionnels du secteur Consultant strategie ont besoin d'une présence claire, professionnelle et optimisée pour attirer leurs clients.","Design premium, optimisation SEO, intégration WhatsApp/Calendly, vitesse maximale."
Expert cybersécurité,expert-cybersecurite,Landing page Expert cybersécurité – 299 € HT – Livraison 3 jours,"Landing page professionnelle pour Expert cybersécurité. Design premium, SEO optimisé et IA intégrée. Livraison express.","Landing26 conçoit des landing pages adaptées au secteur Expert cybersécurité, pensées pour convertir.","Les professionnels du secteur Expert cybersécurité ont besoin d'une présence claire, professionnelle et optimisée pour attirer leurs clients.","Design premium, optimisation SEO, intégration WhatsApp/Calendly, vitesse maximale."
Agence de communication,agence-de-communication,Landing page Agence de communication – 299 € HT – Livraison 3 jours,"Landing page professionnelle pour Agence de communication. Design premium, SEO optimisé et IA intégrée. Livraison express.","Landing26 conçoit des landing pages adaptées au secteur Agence de communication, pensées pour convertir.","Les professionnels du secteur Agence de communication ont besoin d'une présence claire, professionnelle et optimisée pour attirer leurs clients.","Design premium, optimisation SEO, intégration WhatsApp/Calendly, vitesse maximale."
Conseiller en gestion,conseiller-en-gestion,Landing page Conseiller en gestion – 299 € HT – Livraison 3 jours,"Landing page professionnelle pour Conseiller en gestion. Design premium, SEO optimisé et IA intégrée. Livraison express.","Landing26 conçoit des landing pages adaptées au secteur Conseiller en gestion, pensées pour convertir.","Les professionnels du secteur Conseiller en gestion ont besoin d'une présence claire, professionnelle et optimisée pour attirer leurs clients.","Design premium, optimisation SEO, intégration WhatsApp/Calendly, vitesse maximale."
Courtier en credit,courtier-en-credit,Landing page Courtier en credit – 299 € HT – Livraison 3 jours,"Landing page professionnelle pour Courtier en credit. Design premium, SEO optimisé et IA intégrée. Livraison express.","Landing26 conçoit des landing pages adaptées au secteur Courtier en credit, pensées pour convertir.","Les professionnels du secteur Courtier en credit ont besoin d'une présence claire, professionnelle et optimisée pour attirer leurs clients.","Design premium, optimisation SEO, intégration WhatsApp/Calendly, vitesse maximale."
Architecte interieur,architecte-interieur,Landing page Architecte interieur – 299 € HT – Livraison 3 jours,"Landing page professionnelle pour Architecte interieur. Design premium, SEO optimisé et IA intégrée. Livraison express.","Landing26 conçoit des landing pages adaptées au secteur Architecte interieur, pensées pour convertir.","Les professionnels du secteur Architecte interieur ont besoin d'une présence claire, professionnelle et optimisée pour attirer leurs clients.","Design premium, optimisation SEO, intégration WhatsApp/Calendly, vitesse maximale."
Decorateur,decorateur,Landing page Decorateur – 299 € HT – Livraison 3 jours,"Landing page professionnelle pour Decorateur. Design premium, SEO optimisé et IA intégrée. Livraison express.","Landing26 conçoit des landing pages adaptées au secteur Decorateur, pensées pour convertir.","Les professionnels du secteur Decorateur ont besoin d'une présence claire, professionnelle et optimisée pour attirer leurs clients.","Design premium, optimisation SEO, intégration WhatsApp/Calendly, vitesse maximale."
Wedding planner,wedding-planner,Landing page Wedding planner – 299 € HT – Livraison 3 jours,"Landing page professionnelle pour Wedding planner. Design premium, SEO optimisé et IA intégrée. Livraison express.","Landing26 conçoit des landing pages adaptées au secteur Wedding planner, pensées pour convertir.","Les professionnels du secteur Wedding planner ont besoin d'une présence claire, professionnelle et optimisée pour attirer leurs clients.","Design premium, optimisation SEO, intégration WhatsApp/Calendly, vitesse maximale."
Traiteur,traiteur,Landing page Traiteur – 299 € HT – Livraison 3 jours,"Landing page professionnelle pour Traiteur. Design premium, SEO optimisé et IA intégrée. Livraison express.","Landing26 conçoit des landing pages adaptées au secteur Traiteur, pensées pour convertir.","Les professionnels du secteur Traiteur ont besoin d'une présence claire, professionnelle et optimisée pour attirer leurs clients.","Design premium, optimisation SEO, intégration WhatsApp/Calendly, vitesse maximale."
Createur de contenu,createur-de-contenu,Landing page Createur de contenu – 299 € HT – Livraison 3 jours,"Landing page professionnelle pour Createur de contenu. Design premium, SEO optimisé et IA intégrée. Livraison express.","Landing26 conçoit des landing pages adaptées au secteur Createur de contenu, pensées pour convertir.","Les professionnels du secteur Createur de contenu ont besoin d'une présence claire, professionnelle et optimisée pour attirer leurs clients.","Design premium, optimisation SEO, intégration WhatsApp/Calendly, vitesse maximale."
Studio video,studio-video,Landing page Studio video – 299 € HT – Livraison 3 jours,"Landing page professionnelle pour Studio video. Design premium, SEO optimisé et IA intégrée. Livraison express.","Landing26 conçoit des landing pages adaptées au secteur Studio video, pensées pour convertir.","Les professionnels du secteur Studio video ont besoin d'une présence claire, professionnelle et optimisée pour attirer leurs clients.","Design premium, optimisation SEO, intégration WhatsApp/Calendly, vitesse maximale."
Service juridique,service-juridique,Landing page Service juridique – 299 € HT – Livraison 3 jours,"Landing page professionnelle pour Service juridique. Design premium, SEO optimisé et IA intégrée. Livraison express.","Landing26 conçoit des landing pages adaptées au secteur Service juridique, pensées pour convertir.","Les professionnels du secteur Service juridique ont besoin d'une présence claire, professionnelle et optimisée pour attirer leurs clients.","Design premium, optimisation SEO, intégration WhatsApp/Calendly, vitesse maximale."
Accompagnateur pro,accompagnateur-pro,Landing page Accompagnateur pro – 299 € HT – Livraison 3 jours,"Landing page professionnelle pour Accompagnateur pro. Design premium, SEO optimisé et IA intégrée. Livraison express.","Landing26 conçoit des landing pages adaptées au secteur Accompagnateur pro, pensées pour convertir.","Les professionnels du secteur Accompagnateur pro ont besoin d'une présence claire, professionnelle et optimisée pour attirer leurs clients.","Design premium, optimisation SEO, intégration WhatsApp/Calendly, vitesse maximale."
Coach parental,coach-parental,Landing page Coach parental – 299 € HT – Livraison 3 jours,"Landing page professionnelle pour Coach parental. Design premium, SEO optimisé et IA intégrée. Livraison express.","Landing26 conçoit des landing pages adaptées au secteur Coach parental, pensées pour convertir.","Les professionnels du secteur Coach parental ont besoin d'une présence claire, professionnelle et optimisée pour attirer leurs clients.","Design premium, optimisation SEO, intégration WhatsApp/Calendly, vitesse maximale."
Praticien bien-être,praticien-bien-etre,Landing page Praticien bien-être – 299 € HT – Livraison 3 jours,"Landing page professionnelle pour Praticien bien-être. Design premium, SEO optimisé et IA intégrée. Livraison express.","Landing26 conçoit des landing pages adaptées au secteur Praticien bien-être, pensées pour convertir.","Les professionnels du secteur Praticien bien-être ont besoin d'une présence claire, professionnelle et optimisée pour attirer leurs clients.","Design premium, optimisation SEO, intégration WhatsApp/Calendly, vitesse maximale."
Hypnotherapeute,hypnotherapeute,Landing page Hypnotherapeute – 299 € HT – Livraison 3 jours,"Landing page professionnelle pour Hypnotherapeute. Design premium, SEO optimisé et IA intégrée. Livraison express.","Landing26 conçoit des landing pages adaptées au secteur Hypnotherapeute, pensées pour convertir.","Les professionnels du secteur Hypnotherapeute ont besoin d'une présence claire, professionnelle et optimisée pour attirer leurs clients.","Design premium, optimisation SEO, intégration WhatsApp/Calendly, vitesse maximale."
Sophrologue,sophrologue,Landing page Sophrologue – 299 € HT – Livraison 3 jours,"Landing page professionnelle pour Sophrologue. Design premium, SEO optimisé et IA intégrée. Livraison express.","Landing26 conçoit des landing pages adaptées au secteur Sophrologue, pensées pour convertir.","Les professionnels du secteur Sophrologue ont besoin d'une présence claire, professionnelle et optimisée pour attirer leurs clients.","Design premium, optimisation SEO, intégration WhatsApp/Calendly, vitesse maximale."
Maitre d’œuvre,maitre-d-oeuvre,Landing page Maitre d’œuvre – 299 € HT – Livraison 3 jours,"Landing page professionnelle pour Maitre d’œuvre. Design premium, SEO optimisé et IA intégrée. Livraison express.","Landing26 conçoit des landing pages adaptées au secteur Maitre d’œuvre, pensées pour convertir.","Les professionnels du secteur Maitre d’œuvre ont besoin d'une présence claire, professionnelle et optimisée pour attirer leurs clients.","Design premium, optimisation SEO, intégration WhatsApp/Calendly, vitesse maximale."
Promoteur BTP,promoteur-btp,Landing page Promoteur BTP – 299 € HT – Livraison 3 jours,"Landing page professionnelle pour Promoteur BTP. Design premium, SEO optimisé et IA intégrée. Livraison express.","Landing26 conçoit des landing pages adaptées au secteur Promoteur BTP, pensées pour convertir.","Les professionnels du secteur Promoteur BTP ont besoin d'une présence claire, professionnelle et optimisée pour attirer leurs clients.","Design premium, optimisation SEO, intégration WhatsApp/Calendly, vitesse maximale."
Vidéaste,videaste,Landing page Vidéaste – 299 € HT – Livraison 3 jours,"Landing page professionnelle pour Vidéaste. Design premium, SEO optimisé et IA intégrée. Livraison express.","Landing26 conçoit des landing pages adaptées au secteur Vidéaste, pensées pour convertir.","Les professionnels du secteur Vidéaste ont besoin d'une présence claire, professionnelle et optimisée pour attirer leurs clients.","Design premium, optimisation SEO, intégration WhatsApp/Calendly, vitesse maximale."
Monteur vidéo,monteur-video,Landing page Monteur vidéo – 299 € HT – Livraison 3 jours,"Landing page professionnelle pour Monteur vidéo. Design premium, SEO optimisé et IA intégrée. Livraison express.","Landing26 conçoit des landing pages adaptées au secteur Monteur vidéo, pensées pour convertir.","Les professionnels du secteur Monteur vidéo ont besoin d'une présence claire, professionnelle et optimisée pour attirer leurs clients.","Design premium, optimisation SEO, intégration WhatsApp/Calendly, vitesse maximale."
Agence audiovisuelle,agence-audiovisuelle,Landing page Agence audiovisuelle – 299 € HT – Livraison 3 jours,"Landing page professionnelle pour Agence audiovisuelle. Design premium, SEO optimisé et IA intégrée. Livraison express.","Landing26 conçoit des landing pages adaptées au secteur Agence audiovisuelle, pensées pour convertir.","Les professionnels du secteur Agence audiovisuelle ont besoin d'une présence claire, professionnelle et optimisée pour attirer leurs clients.","Design premium, optimisation SEO, intégration WhatsApp/Calendly, vitesse maximale."
Agence branding,agence-branding,Landing page Agence branding – 299 € HT – Livraison 3 jours,"Landing page professionnelle pour Agence branding. Design premium, SEO optimisé et IA intégrée. Livraison express.","Landing26 conçoit des landing pages adaptées au secteur Agence branding, pensées pour convertir.","Les professionnels du secteur Agence branding ont besoin d'une présence claire, professionnelle et optimisée pour attirer leurs clients.","Design premium, optimisation SEO, intégration WhatsApp/Calendly, vitesse maximale."
Agence de pub,agence-de-pub,Landing page Agence de pub – 299 € HT – Livraison 3 jours,"Landing page professionnelle pour Agence de pub. Design premium, SEO optimisé et IA intégrée. Livraison express.","Landing26 conçoit des landing pages adaptées au secteur Agence de pub, pensées pour convertir.","Les professionnels du secteur Agence de pub ont besoin d'une présence claire, professionnelle et optimisée pour attirer leurs clients.","Design premium, optimisation SEO, intégration WhatsApp/Calendly, vitesse maximale."
Copywriter SEO,copywriter-seo,Landing page Copywriter SEO – 299 € HT – Livraison 3 jours,"Landing page professionnelle pour Copywriter SEO. Design premium, SEO optimisé et IA intégrée. Livraison express.","Landing26 conçoit des landing pages adaptées au secteur Copywriter SEO, pensées pour convertir.","Les professionnels du secteur Copywriter SEO ont besoin d'une présence claire, professionnelle et optimisée pour attirer leurs clients.","Design premium, optimisation SEO, intégration WhatsApp/Calendly, vitesse maximale."
Designer UX,designer-ux,Landing page Designer UX – 299 € HT – Livraison 3 jours,"Landing page professionnelle pour Designer UX. Design premium, SEO optimisé et IA intégrée. Livraison express.","Landing26 conçoit des landing pages adaptées au secteur Designer UX, pensées pour convertir.","Les professionnels du secteur Designer UX ont besoin d'une présence claire, professionnelle et optimisée pour attirer leurs clients.","Design premium, optimisation SEO, intégration WhatsApp/Calendly, vitesse maximale."
Designer UI,designer-ui,Landing page Designer UI – 299 € HT – Livraison 3 jours,"Landing page professionnelle pour Designer UI. Design premium, SEO optimisé et IA intégrée. Livraison express.","Landing26 conçoit des landing pages adaptées au secteur Designer UI, pensées pour convertir.","Les professionnels du secteur Designer UI ont besoin d'une présence claire, professionnelle et optimisée pour attirer leurs clients.","Design premium, optimisation SEO, intégration WhatsApp/Calendly, vitesse maximale."
Formateur SEO,formateur-seo,Landing page Formateur SEO – 299 € HT – Livraison 3 jours,"Landing page professionnelle pour Formateur SEO. Design premium, SEO optimisé et IA intégrée. Livraison express.","Landing26 conçoit des landing pages adaptées au secteur Formateur SEO, pensées pour convertir.","Les professionnels du secteur Formateur SEO ont besoin d'une présence claire, professionnelle et optimisée pour attirer leurs clients.","Design premium, optimisation SEO, intégration WhatsApp/Calendly, vitesse maximale."
Consultant SEA,consultant-sea,Landing page Consultant SEA – 299 € HT – Livraison 3 jours,"Landing page professionnelle pour Consultant SEA. Design premium, SEO optimisé et IA intégrée. Livraison express.","Landing26 conçoit des landing pages adaptées au secteur Consultant SEA, pensées pour convertir.","Les professionnels du secteur Consultant SEA ont besoin d'une présence claire, professionnelle et optimisée pour attirer leurs clients.","Design premium, optimisation SEO, intégration WhatsApp/Calendly, vitesse maximale."
Consultant Google Ads,consultant-google-ads,Landing page Consultant Google Ads – 299 € HT – Livraison 3 jours,"Landing page professionnelle pour Consultant Google Ads. Design premium, SEO optimisé et IA intégrée. Livraison express.","Landing26 conçoit des landing pages adaptées au secteur Consultant Google Ads, pensées pour convertir.","Les professionnels du secteur Consultant Google Ads ont besoin d'une présence claire, professionnelle et optimisée pour attirer leurs clients.","Design premium, optimisation SEO, intégration WhatsApp/Calendly, vitesse maximale."
Consultant Meta Ads,consultant-meta-ads,Landing page Consultant Meta Ads – 299 € HT – Livraison 3 jours,"Landing page professionnelle pour Consultant Meta Ads. Design premium, SEO optimisé et IA intégrée. Livraison express.","Landing26 conçoit des landing pages adaptées au secteur Consultant Meta Ads, pensées pour convertir.","Les professionnels du secteur Consultant Meta Ads ont besoin d'une présence claire, professionnelle et optimisée pour attirer leurs clients.","Design premium, optimisation SEO, intégration WhatsApp/Calendly, vitesse maximale."
Consultant CRM,consultant-crm,Landing page Consultant CRM – 299 € HT – Livraison 3 jours,"Landing page professionnelle pour Consultant CRM. Design premium, SEO optimisé et IA intégrée. Livraison express.","Landing26 conçoit des landing pages adaptées au secteur Consultant CRM, pensées pour convertir.","Les professionnels du secteur Consultant CRM ont besoin d'une présence claire, professionnelle et optimisée pour attirer leurs clients.","Design premium, optimisation SEO, intégration WhatsApp/Calendly, vitesse maximale."
Expert Notion,expert-notion,Landing page Expert Notion – 299 € HT – Livraison 3 jours,"Landing page professionnelle pour Expert Notion. Design premium, SEO optimisé et IA intégrée. Livraison express.","Landing26 conçoit des landing pages adaptées au secteur Expert Notion, pensées pour convertir.","Les professionnels du secteur Expert Notion ont besoin d'une présence claire, professionnelle et optimisée pour attirer leurs clients.","Design premium, optimisation SEO, intégration WhatsApp/Calendly, vitesse maximale."
Expert automation,expert-automation,Landing page Expert automation – 299 € HT – Livraison 3 jours,"Landing page professionnelle pour Expert automation. Design premium, SEO optimisé et IA intégrée. Livraison express.","Landing26 conçoit des landing pages adaptées au secteur Expert automation, pensées pour convertir.","Les professionnels du secteur Expert automation ont besoin d'une présence claire, professionnelle et optimisée pour attirer leurs clients.","Design premium, optimisation SEO, intégration WhatsApp/Calendly, vitesse maximale."
Agence no-code,agence-no-code,Landing page Agence no-code – 299 € HT – Livraison 3 jours,"Landing page professionnelle pour Agence no-code. Design premium, SEO optimisé et IA intégrée. Livraison express.","Landing26 conçoit des landing pages adaptées au secteur Agence no-code, pensées pour convertir.","Les professionnels du secteur Agence no-code ont besoin d'une présence claire, professionnelle et optimisée pour attirer leurs clients.","Design premium, optimisation SEO, intégration WhatsApp/Calendly, vitesse maximale."
Agence webflow,agence-webflow,Landing page Agence webflow – 299 € HT – Livraison 3 jours,"Landing page professionnelle pour Agence webflow. Design premium, SEO optimisé et IA intégrée. Livraison express.","Landing26 conçoit des landing pages adaptées au secteur Agence webflow, pensées pour convertir.","Les professionnels du secteur Agence webflow ont besoin d'une présence claire, professionnelle et optimisée pour attirer leurs clients.","Design premium, optimisation SEO, intégration WhatsApp/Calendly, vitesse maximale."
Consultant stratégie commerciale,consultant-strategie-commerciale,Landing page Consultant stratégie commerciale – 299 € HT – Livraison 3 jours,"Landing page professionnelle pour Consultant stratégie commerciale. Design premium, SEO optimisé et IA intégrée. Livraison express.","Landing26 conçoit des landing pages adaptées au secteur Consultant stratégie commerciale, pensées pour convertir.","Les professionnels du secteur Consultant stratégie commerciale ont besoin d'une présence claire, professionnelle et optimisée pour attirer leurs clients.","Design premium, optimisation SEO, intégration WhatsApp/Calendly, vitesse maximale."
Consultant prospection,consultant-prospection,Landing page Consultant prospection – 299 € HT – Livraison 3 jours,"Landing page professionnelle pour Consultant prospection. Design premium, SEO optimisé et IA intégrée. Livraison express.","Landing26 conçoit des landing pages adaptées au secteur Consultant prospection, pensées pour convertir.","Les professionnels du secteur Consultant prospection ont besoin d'une présence claire, professionnelle et optimisée pour attirer leurs clients.","Design premium, optimisation SEO, intégration WhatsApp/Calendly, vitesse maximale."
Expert LinkedIn,expert-linkedin,Landing page Expert LinkedIn – 299 € HT – Livraison 3 jours,"Landing page professionnelle pour Expert LinkedIn. Design premium, SEO optimisé et IA intégrée. Livraison express.","Landing26 conçoit des landing pages adaptées au secteur Expert LinkedIn, pensées pour convertir.","Les professionnels du secteur Expert LinkedIn ont besoin d'une présence claire, professionnelle et optimisée pour attirer leurs clients.","Design premium, optimisation SEO, intégration WhatsApp/Calendly, vitesse maximale."
Agence SMMA,agence-smma,Landing page Agence SMMA – 299 € HT – Livraison 3 jours,"Landing page professionnelle pour Agence SMMA. Design premium, SEO optimisé et IA intégrée. Livraison express.","Landing26 conçoit des landing pages adaptées au secteur Agence SMMA, pensées pour convertir.","Les professionnels du secteur Agence SMMA ont besoin d'une présence claire, professionnelle et optimisée pour attirer leurs clients.","Design premium, optimisation SEO, intégration WhatsApp/Calendly, vitesse maximale."
Manager artistique,manager-artistique,Landing page Manager artistique – 299 € HT – Livraison 3 jours,"Landing page professionnelle pour Manager artistique. Design premium, SEO optimisé et IA intégrée. Livraison express.","Landing26 conçoit des landing pages adaptées au secteur Manager artistique, pensées pour convertir.","Les professionnels du secteur Manager artistique ont besoin d'une présence claire, professionnelle et optimisée pour attirer leurs clients.","Design premium, optimisation SEO, intégration WhatsApp/Calendly, vitesse maximale."
Studio photo,studio-photo,Landing page Studio photo – 299 € HT – Livraison 3 jours,"Landing page professionnelle pour Studio photo. Design premium, SEO optimisé et IA intégrée. Livraison express.","Landing26 conçoit des landing pages adaptées au secteur Studio photo, pensées pour convertir.","Les professionnels du secteur Studio photo ont besoin d'une présence claire, professionnelle et optimisée pour attirer leurs clients.","Design premium, optimisation SEO, intégration WhatsApp/Calendly, vitesse maximale."
Centre bien-être,centre-bien-etre,Landing page Centre bien-être – 299 € HT – Livraison 3 jours,"Landing page professionnelle pour Centre bien-être. Design premium, SEO optimisé et IA intégrée. Livraison express.","Landing26 conçoit des landing pages adaptées au secteur Centre bien-être, pensées pour convertir.","Les professionnels du secteur Centre bien-être ont besoin d'une présence claire, professionnelle et optimisée pour attirer leurs clients.","Design premium, optimisation SEO, intégration WhatsApp/Calendly, vitesse maximale."
Ortho-prothésiste,ortho-prothesiste,Landing page Ortho-prothésiste – 299 € HT – Livraison 3 jours,"Landing page professionnelle pour Ortho-prothésiste. Design premium, SEO optimisé et IA intégrée. Livraison express.","Landing26 conçoit des landing pages adaptées au secteur Ortho-prothésiste, pensées pour convertir.","Les professionnels du secteur Ortho-prothésiste ont besoin d'une présence claire, professionnelle et optimisée pour attirer leurs clients.","Design premium, optimisation SEO, intégration WhatsApp/Calendly, vitesse maximale."
Podologue,podologue,Landing page Podologue – 299 € HT – Livraison 3 jours,"Landing page professionnelle pour Podologue. Design premium, SEO optimisé et IA intégrée. Livraison express.","Landing26 conçoit des landing pages adaptées au secteur Podologue, pensées pour convertir.","Les professionnels du secteur Podologue ont besoin d'une présence claire, professionnelle et optimisée pour attirer leurs clients.","Design premium, optimisation SEO, intégration WhatsApp/Calendly, vitesse maximale."
Consultant fiscal,consultant-fiscal,Landing page Consultant fiscal – 299 € HT – Livraison 3 jours,"Landing page professionnelle pour Consultant fiscal. Design premium, SEO optimisé et IA intégrée. Livraison express.","Landing26 conçoit des landing pages adaptées au secteur Consultant fiscal, pensées pour convertir.","Les professionnels du secteur Consultant fiscal ont besoin d'une présence claire, professionnelle et optimisée pour attirer leurs clients.","Design premium, optimisation SEO, intégration WhatsApp/Calendly, vitesse maximale."
Expert-comptable indépendant,expert-comptable-independant,Landing page Expert-comptable indépendant – 299 € HT – Livraison 3 jours,"Landing page professionnelle pour Expert-comptable indépendant. Design premium, SEO optimisé et IA intégrée. Livraison express.","Landing26 conçoit des landing pages adaptées au secteur Expert-comptable indépendant, pensées pour convertir.","Les professionnels du secteur Expert-comptable indépendant ont besoin d'une présence claire, professionnelle et optimisée pour attirer leurs clients.","Design premium, optimisation SEO, intégration WhatsApp/Calendly, vitesse maximale."
Office manager,office-manager,Landing page Office manager – 299 € HT – Livraison 3 jours,"Landing page professionnelle pour Office manager. Design premium, SEO optimisé et IA intégrée. Livraison express.","Landing26 conçoit des landing pages adaptées au secteur Office manager, pensées pour convertir.","Les professionnels du secteur Office manager ont besoin d'une présence claire, professionnelle et optimisée pour attirer leurs clients.","Design premium, optimisation SEO, intégration WhatsApp/Calendly, vitesse maximale."
Assistant virtuel,assistant-virtuel,Landing page Assistant virtuel – 299 € HT – Livraison 3 jours,"Landing page professionnelle pour Assistant virtuel. Design premium, SEO optimisé et IA intégrée. Livraison express.","Landing26 conçoit des landing pages adaptées au secteur Assistant virtuel, pensées pour convertir.","Les professionnels du secteur Assistant virtuel ont besoin d'une présence claire, professionnelle et optimisée pour attirer leurs clients.","Design premium, optimisation SEO, intégration WhatsApp/Calendly, vitesse maximale."
Gestionnaire administratif,gestionnaire-administratif,Landing page Gestionnaire administratif – 299 € HT – Livraison 3 jours,"Landing page professionnelle pour Gestionnaire administratif. Design premium, SEO optimisé et IA intégrée. Livraison express.","Landing26 conçoit des landing pages adaptées au secteur Gestionnaire administratif, pensées pour convertir.","Les professionnels du secteur Gestionnaire administratif ont besoin d'une présence claire, professionnelle et optimisée pour attirer leurs clients.","Design premium, optimisation SEO, intégration WhatsApp/Calendly, vitesse maximale."
Courtier en assurance santé,courtier-en-assurance-sante,Landing page Courtier en assurance santé – 299 € HT – Livraison 3 jours,"Landing page professionnelle pour Courtier en assurance santé. Design premium, SEO optimisé et IA intégrée. Livraison express.","Landing26 conçoit des landing pages adaptées au secteur Courtier en assurance santé, pensées pour convertir.","Les professionnels du secteur Courtier en assurance santé ont besoin d'une présence claire, professionnelle et optimisée pour attirer leurs clients.","Design premium, optimisation SEO, intégration WhatsApp/Calendly, vitesse maximale."
