ville,slug,region,meta_title,meta_description,intro,benefices_locaux
Paris,paris,France,Création de landing page à Paris – Livraison 3 jours – 299 € HT,"Landing page professionnelle à Paris. Livraison rapide en 3 jours, design premium et SEO optimisé. Tarif : 299 € HT.","Landing26 crée votre landing page professionnelle à Paris, optimisée pour le SEO et orientée conversion.","Service rapide, optimisation Google locale pour Paris, intégration WhatsApp et Calendly."
Marseille,marseille,France,Création de landing page à Marseille – Livraison 3 jours – 299 € HT,"Landing page professionnelle à Marseille. Livraison rapide en 3 jours, design premium et SEO optimisé. Tarif : 299 € HT.","Landing26 crée votre landing page professionnelle à Marseille, optimisée pour le SEO et orientée conversion.","Service rapide, optimisation Google locale pour Marseille, intégration WhatsApp et Calendly."
Lyon,lyon,France,Création de landing page à Lyon – Livraison 3 jours – 299 € HT,"Landing page professionnelle à Lyon. Livraison rapide en 3 jours, design premium et SEO optimisé. Tarif : 299 € HT.","Landing26 crée votre landing page professionnelle à Lyon, optimisée pour le SEO et orientée conversion.","Service rapide, optimisation Google locale pour Lyon, intégration WhatsApp et Calendly."
Toulouse,toulouse,France,Création de landing page à Toulouse – Livraison 3 jours – 299 € HT,"Landing page professionnelle à Toulouse. Livraison rapide en 3 jours, design premium et SEO optimisé. Tarif : 299 € HT.","Landing26 crée votre landing page professionnelle à Toulouse, optimisée pour le SEO et orientée conversion.","Service rapide, optimisation Google locale pour Toulouse, intégration WhatsApp et Calendly."
Nice,nice,France,Création de landing page à Nice – Livraison 3 jours – 299 € HT,"Landing page professionnelle à Nice. Livraison rapide en 3 jours, design premium et SEO optimisé. Tarif : 299 € HT.","Landing26 crée votre landing page professionnelle à Nice, optimisée pour le SEO et orientée conversion.","Service rapide, optimisation Google locale pour Nice, intégration WhatsApp et Calendly."
Nantes,nantes,France,Création de landing page à Nantes – Livraison 3 jours – 299 € HT,"Landing page professionnelle à Nantes. Livraison rapide en 3 jours, design premium et SEO optimisé. Tarif : 299 € HT.","Landing26 crée votre landing page professionnelle à Nantes, optimisée pour le SEO et orientée conversion.","Service rapide, optimisation Google locale pour Nantes, intégration WhatsApp et Calendly."
Montpellier,montpellier,France,Création de landing page à Montpellier – Livraison 3 jours – 299 € HT,"Landing page professionnelle à Montpellier. Livraison rapide en 3 jours, design premium et SEO optimisé. Tarif : 299 € HT.","Landing26 crée votre landing page professionnelle à Montpellier, optimisée pour le SEO et orientée conversion.","Service rapide, optimisation Google locale pour Montpellier, intégration WhatsApp et Calendly."
Strasbourg,strasbourg,France,Création de landing page à Strasbourg – Livraison 3 jours – 299 € HT,"Landing page professionnelle à Strasbourg. Livraison rapide en 3 jours, design premium et SEO optimisé. Tarif : 299 € HT.","Landing26 crée votre landing page professionnelle à Strasbourg, optimisée pour le SEO et orientée conversion.","Service rapide, optimisation Google locale pour Strasbourg, intégration WhatsApp et Calendly."
Bordeaux,bordeaux,France,Création de landing page à Bordeaux – Livraison 3 jours – 299 € HT,"Landing page professionnelle à Bordeaux. Livraison rapide en 3 jours, design premium et SEO optimisé. Tarif : 299 € HT.","Landing26 crée votre landing page professionnelle à Bordeaux, optimisée pour le SEO et orientée conversion.","Service rapide, optimisation Google locale pour Bordeaux, intégration WhatsApp et Calendly."
Lille,lille,France,Création de landing page à Lille – Livraison 3 jours – 299 € HT,"Landing page professionnelle à Lille. Livraison rapide en 3 jours, design premium et SEO optimisé. Tarif : 299 € HT.","Landing26 crée votre landing page professionnelle à Lille, optimisée pour le SEO et orientée conversion.","Service rapide, optimisation Google locale pour Lille, intégration WhatsApp et Calendly."
Rennes,rennes,France,Création de landing page à Rennes – Livraison 3 jours – 299 € HT,"Landing page professionnelle à Rennes. Livraison rapide en 3 jours, design premium et SEO optimisé. Tarif : 299 € HT.","Landing26 crée votre landing page professionnelle à Rennes, optimisée pour le SEO et orientée conversion.","Service rapide, optimisation Google locale pour Rennes, intégration WhatsApp et Calendly."
Reims,reims,France,Création de landing page à Reims – Livraison 3 jours – 299 € HT,"Landing page professionnelle à Reims. Livraison rapide en 3 jours, design premium et SEO optimisé. Tarif : 299 € HT.","Landing26 crée votre landing page professionnelle à Reims, optimisée pour le SEO et orientée conversion.","Service rapide, optimisation Google locale pour Reims, intégration WhatsApp et Calendly."
Saint-Etienne,saint-etienne,France,Création de landing page à Saint-Etienne – Livraison 3 jours – 299 € HT,"Landing page professionnelle à Saint-Etienne. Livraison rapide en 3 jours, design premium et SEO optimisé. Tarif : 299 € HT.","Landing26 crée votre landing page professionnelle à Saint-Etienne, optimisée pour le SEO et orientée conversion.","Service rapide, optimisation Google locale pour Saint-Etienne, intégration WhatsApp et Calendly."
Toulon,toulon,France,Création de landing page à Toulon – Livraison 3 jours – 299 € HT,"Landing page professionnelle à Toulon. Livraison rapide en 3 jours, design premium et SEO optimisé. Tarif : 299 € HT.","Landing26 crée votre landing page professionnelle à Toulon, optimisée pour le SEO et orientée conversion.","Service rapide, optimisation Google locale pour Toulon, intégration WhatsApp et Calendly."
Le Havre,le-havre,France,Création de landing page à Le Havre – Livraison 3 jours – 299 € HT,"Landing page professionnelle à Le Havre. Livraison rapide en 3 jours, design premium et SEO optimisé. Tarif : 299 € HT.","Landing26 crée votre landing page professionnelle à Le Havre, optimisée pour le SEO et orientée conversion.","Service rapide, optimisation Google locale pour Le Havre, intégration WhatsApp et Calendly."
Grenoble,grenoble,France,Création de landing page à Grenoble – Livraison 3 jours – 299 € HT,"Landing page professionnelle à Grenoble. Livraison rapide en 3 jours, design premium et SEO optimisé. Tarif : 299 € HT.","Landing26 crée votre landing page professionnelle à Grenoble, optimisée pour le SEO et orientée conversion.","Service rapide, optimisation Google locale pour Grenoble, intégration WhatsApp et Calendly."
Dijon,dijon,France,Création de landing page à Dijon – Livraison 3 jours – 299 € HT,"Landing page professionnelle à Dijon. Livraison rapide en 3 jours, design premium et SEO optimisé. Tarif : 299 € HT.","Landing26 crée votre landing page professionnelle à Dijon, optimisée pour le SEO et orientée conversion.","Service rapide, optimisation Google locale pour Dijon, intégration WhatsApp et Calendly."
Angers,angers,France,Création de landing page à Angers – Livraison 3 jours – 299 € HT,"Landing page professionnelle à Angers. Livraison rapide en 3 jours, design premium et SEO optimisé. Tarif : 299 € HT.","Landing26 crée votre landing page professionnelle à Angers, optimisée pour le SEO et orientée conversion.","Service rapide, optimisation Google locale pour Angers, intégration WhatsApp et Calendly."
Nimes,nimes,France,Création de landing page à Nimes – Livraison 3 jours – 299 € HT,"Landing page professionnelle à Nimes. Livraison rapide en 3 jours, design premium et SEO optimisé. Tarif : 299 € HT.","Landing26 crée votre landing page professionnelle à Nimes, optimisée pour le SEO et orientée conversion.","Service rapide, optimisation Google locale pour Nimes, intégration WhatsApp et Calendly."
Villeurbanne,villeurbanne,France,Création de landing page à Villeurbanne – Livraison 3 jours – 299 € HT,"Landing page professionnelle à Villeurbanne. Livraison rapide en 3 jours, design premium et SEO optimisé. Tarif : 299 € HT.","Landing26 crée votre landing page professionnelle à Villeurbanne, optimisée pour le SEO et orientée conversion.","Service rapide, optimisation Google locale pour Villeurbanne, intégration WhatsApp et Calendly."
Clermont-Ferrand,clermont-ferrand,France,Création de landing page à Clermont-Ferrand – Livraison 3 jours – 299 € HT,"Landing page professionnelle à Clermont-Ferrand. Livraison rapide en 3 jours, design premium et SEO optimisé. Tarif : 299 € HT.","Landing26 crée votre landing page professionnelle à Clermont-Ferrand, optimisée pour le SEO et orientée conversion.","Service rapide, optimisation Google locale pour Clermont-Ferrand, intégration WhatsApp et Calendly."
Le Mans,le-mans,France,Création de landing page à Le Mans – Livraison 3 jours – 299 € HT,"Landing page professionnelle à Le Mans. Livraison rapide en 3 jours, design premium et SEO optimisé. Tarif : 299 € HT.","Landing26 crée votre landing page professionnelle à Le Mans, optimisée pour le SEO et orientée conversion.","Service rapide, optimisation Google locale pour Le Mans, intégration WhatsApp et Calendly."
Aix-en-Provence,aix-en-provence,France,Création de landing page à Aix-en-Provence – Livraison 3 jours – 299 € HT,"Landing page professionnelle à Aix-en-Provence. Livraison rapide en 3 jours, design premium et SEO optimisé. Tarif : 299 € HT.","Landing26 crée votre landing page professionnelle à Aix-en-Provence, optimisée pour le SEO et orientée conversion.","Service rapide, optimisation Google locale pour Aix-en-Provence, intégration WhatsApp et Calendly."
Brest,brest,France,Création de landing page à Brest – Livraison 3 jours – 299 € HT,"Landing page professionnelle à Brest. Livraison rapide en 3 jours, design premium et SEO optimisé. Tarif : 299 € HT.","Landing26 crée votre landing page professionnelle à Brest, optimisée pour le SEO et orientée conversion.","Service rapide, optimisation Google locale pour Brest, intégration WhatsApp et Calendly."
Tours,tours,France,Création de landing page à Tours – Livraison 3 jours – 299 € HT,"Landing page professionnelle à Tours. Livraison rapide en 3 jours, design premium et SEO optimisé. Tarif : 299 € HT.","Landing26 crée votre landing page professionnelle à Tours, optimisée pour le SEO et orientée conversion.","Service rapide, optimisation Google locale pour Tours, intégration WhatsApp et Calendly."
Amiens,amiens,France,Création de landing page à Amiens – Livraison 3 jours – 299 € HT,"Landing page professionnelle à Amiens. Livraison rapide en 3 jours, design premium et SEO optimisé. Tarif : 299 € HT.","Landing26 crée votre landing page professionnelle à Amiens, optimisée pour le SEO et orientée conversion.","Service rapide, optimisation Google locale pour Amiens, intégration WhatsApp et Calendly."
Limoges,limoges,France,Création de landing page à Limoges – Livraison 3 jours – 299 € HT,"Landing page professionnelle à Limoges. Livraison rapide en 3 jours, design premium et SEO optimisé. Tarif : 299 € HT.","Landing26 crée votre landing page professionnelle à Limoges, optimisée pour le SEO et orientée conversion.","Service rapide, optimisation Google locale pour Limoges, intégration WhatsApp et Calendly."
Annecy,annecy,France,Création de landing page à Annecy – Livraison 3 jours – 299 € HT,"Landing page professionnelle à Annecy. Livraison rapide en 3 jours, design premium et SEO optimisé. Tarif : 299 € HT.","Landing26 crée votre landing page professionnelle à Annecy, optimisée pour le SEO et orientée conversion.","Service rapide, optimisation Google locale pour Annecy, intégration WhatsApp et Calendly."
Perpignan,perpignan,France,Création de landing page à Perpignan – Livraison 3 jours – 299 € HT,"Landing page professionnelle à Perpignan. Livraison rapide en 3 jours, design premium et SEO optimisé. Tarif : 299 € HT.","Landing26 crée votre landing page professionnelle à Perpignan, optimisée pour le SEO et orientée conversion.","Service rapide, optimisation Google locale pour Perpignan, intégration WhatsApp et Calendly."
Boulogne-Billancourt,boulogne-billancourt,France,Création de landing page à Boulogne-Billancourt – Livraison 3 jours – 299 € HT,"Landing page professionnelle à Boulogne-Billancourt. Livraison rapide en 3 jours, design premium et SEO optimisé. Tarif : 299 € HT.","Landing26 crée votre landing page professionnelle à Boulogne-Billancourt, optimisée pour le SEO et orientée conversion.","Service rapide, optimisation Google locale pour Boulogne-Billancourt, intégration WhatsApp et Calendly."
Besancon,besancon,France,Création de landing page à Besancon – Livraison 3 jours – 299 € HT,"Landing page professionnelle à Besancon. Livraison rapide en 3 jours, design premium et SEO optimisé. Tarif : 299 € HT.","Landing26 crée votre landing page professionnelle à Besancon, optimisée pour le SEO et orientée conversion.","Service rapide, optimisation Google locale pour Besancon, intégration WhatsApp et Calendly."
Orleans,orleans,France,Création de landing page à Orleans – Livraison 3 jours – 299 € HT,"Landing page professionnelle à Orleans. Livraison rapide en 3 jours, design premium et SEO optimisé. Tarif : 299 € HT.","Landing26 crée votre landing page professionnelle à Orleans, optimisée pour le SEO et orientée conversion.","Service rapide, optimisation Google locale pour Orleans, intégration WhatsApp et Calendly."
Metz,metz,France,Création de landing page à Metz – Livraison 3 jours – 299 € HT,"Landing page professionnelle à Metz. Livraison rapide en 3 jours, design premium et SEO optimisé. Tarif : 299 € HT.","Landing26 crée votre landing page professionnelle à Metz, optimisée pour le SEO et orientée conversion.","Service rapide, optimisation Google locale pour Metz, intégration WhatsApp et Calendly."
Rouen,rouen,France,Création de landing page à Rouen – Livraison 3 jours – 299 € HT,"Landing page professionnelle à Rouen. Livraison rapide en 3 jours, design premium et SEO optimisé. Tarif : 299 € HT.","Landing26 crée votre landing page professionnelle à Rouen, optimisée pour le SEO et orientée conversion.","Service rapide, optimisation Google locale pour Rouen, intégration WhatsApp et Calendly."
Mulhouse,mulhouse,France,Création de landing page à Mulhouse – Livraison 3 jours – 299 € HT,"Landing page professionnelle à Mulhouse. Livraison rapide en 3 jours, design premium et SEO optimisé. Tarif : 299 € HT.","Landing26 crée votre landing page professionnelle à Mulhouse, optimisée pour le SEO et orientée conversion.","Service rapide, optimisation Google locale pour Mulhouse, intégration WhatsApp et Calendly."
Caen,caen,France,Création de landing page à Caen – Livraison 3 jours – 299 € HT,"Landing page professionnelle à Caen. Livraison rapide en 3 jours, design premium et SEO optimisé. Tarif : 299 € HT.","Landing26 crée votre landing page professionnelle à Caen, optimisée pour le SEO et orientée conversion.","Service rapide, optimisation Google locale pour Caen, intégration WhatsApp et Calendly."
Nancy,nancy,France,Création de landing page à Nancy – Livraison 3 jours – 299 € HT,"Landing page professionnelle à Nancy. Livraison rapide en 3 jours, design premium et SEO optimisé. Tarif : 299 € HT.","Landing26 crée votre landing page professionnelle à Nancy, optimisée pour le SEO et orientée conversion.","Service rapide, optimisation Google locale pour Nancy, intégration WhatsApp et Calendly."
Argenteuil,argenteuil,France,Création de landing page à Argenteuil – Livraison 3 jours – 299 € HT,"Landing page professionnelle à Argenteuil. Livraison rapide en 3 jours, design premium et SEO optimisé. Tarif : 299 € HT.","Landing26 crée votre landing page professionnelle à Argenteuil, optimisée pour le SEO et orientée conversion.","Service rapide, optimisation Google locale pour Argenteuil, intégration WhatsApp et Calendly."
Montreuil,montreuil,France,Création de landing page à Montreuil – Livraison 3 jours – 299 € HT,"Landing page professionnelle à Montreuil. Livraison rapide en 3 jours, design premium et SEO optimisé. Tarif : 299 € HT.","Landing26 crée votre landing page professionnelle à Montreuil, optimisée pour le SEO et orientée conversion.","Service rapide, optimisation Google locale pour Montreuil, intégration WhatsApp et Calendly."
Roubaix,roubaix,France,Création de landing page à Roubaix – Livraison 3 jours – 299 € HT,"Landing page professionnelle à Roubaix. Livraison rapide en 3 jours, design premium et SEO optimisé. Tarif : 299 € HT.","Landing26 crée votre landing page professionnelle à Roubaix, optimisée pour le SEO et orientée conversion.","Service rapide, optimisation Google locale pour Roubaix, intégration WhatsApp et Calendly."
Dunkerque,dunkerque,France,Création de landing page à Dunkerque – Livraison 3 jours – 299 € HT,"Landing page professionnelle à Dunkerque. Livraison rapide en 3 jours, design premium et SEO optimisé. Tarif : 299 € HT.","Landing26 crée votre landing page professionnelle à Dunkerque, optimisée pour le SEO et orientée conversion.","Service rapide, optimisation Google locale pour Dunkerque, intégration WhatsApp et Calendly."
Poitiers,poitiers,France,Création de landing page à Poitiers – Livraison 3 jours – 299 € HT,"Landing page professionnelle à Poitiers. Livraison rapide en 3 jours, design premium et SEO optimisé. Tarif : 299 € HT.","Landing26 crée votre landing page professionnelle à Poitiers, optimisée pour le SEO et orientée conversion.","Service rapide, optimisation Google locale pour Poitiers, intégration WhatsApp et Calendly."
Versailles,versailles,France,Création de landing page à Versailles – Livraison 3 jours – 299 € HT,"Landing page professionnelle à Versailles. Livraison rapide en 3 jours, design premium et SEO optimisé. Tarif : 299 € HT.","Landing26 crée votre landing page professionnelle à Versailles, optimisée pour le SEO et orientée conversion.","Service rapide, optimisation Google locale pour Versailles, intégration WhatsApp et Calendly."
Pau,pau,France,Création de landing page à Pau – Livraison 3 jours – 299 € HT,"Landing page professionnelle à Pau. Livraison rapide en 3 jours, design premium et SEO optimisé. Tarif : 299 € HT.","Landing26 crée votre landing page professionnelle à Pau, optimisée pour le SEO et orientée conversion.","Service rapide, optimisation Google locale pour Pau, intégration WhatsApp et Calendly."
La Rochelle,la-rochelle,France,Création de landing page à La Rochelle – Livraison 3 jours – 299 € HT,"Landing page professionnelle à La Rochelle. Livraison rapide en 3 jours, design premium et SEO optimisé. Tarif : 299 € HT.","Landing26 crée votre landing page professionnelle à La Rochelle, optimisée pour le SEO et orientée conversion.","Service rapide, optimisation Google locale pour La Rochelle, intégration WhatsApp et Calendly."
Cannes,cannes,France,Création de landing page à Cannes – Livraison 3 jours – 299 € HT,"Landing page professionnelle à Cannes. Livraison rapide en 3 jours, design premium et SEO optimisé. Tarif : 299 € HT.","Landing26 crée votre landing page professionnelle à Cannes, optimisée pour le SEO et orientée conversion.","Service rapide, optimisation Google locale pour Cannes, intégration WhatsApp et Calendly."
Antibes,antibes,France,Création de landing page à Antibes – Livraison 3 jours – 299 € HT,"Landing page professionnelle à Antibes. Livraison rapide en 3 jours, design premium et SEO optimisé. Tarif : 299 € HT.","Landing26 crée votre landing page professionnelle à Antibes, optimisée pour le SEO et orientée conversion.","Service rapide, optimisation Google locale pour Antibes, intégration WhatsApp et Calendly."
Colmar,colmar,France,Création de landing page à Colmar – Livraison 3 jours – 299 € HT,"Landing page professionnelle à Colmar. Livraison rapide en 3 jours, design premium et SEO optimisé. Tarif : 299 € HT.","Landing26 crée votre landing page professionnelle à Colmar, optimisée pour le SEO et orientée conversion.","Service rapide, optimisation Google locale pour Colmar, intégration WhatsApp et Calendly."
Avignon,avignon,France,Création de landing page à Avignon – Livraison 3 jours – 299 € HT,"Landing page professionnelle à Avignon. Livraison rapide en 3 jours, design premium et SEO optimisé. Tarif : 299 € HT.","Landing26 crée votre landing page professionnelle à Avignon, optimisée pour le SEO et orientée conversion.","Service rapide, optimisation Google locale pour Avignon, intégration WhatsApp et Calendly."
Saint-Maur-des-Fosses,saint-maur-des-fosses,France,Création de landing page à Saint-Maur-des-Fosses – Livraison 3 jours – 299 € HT,"Landing page professionnelle à Saint-Maur-des-Fosses. Livraison rapide en 3 jours, design premium et SEO optimisé. Tarif : 299 € HT.","Landing26 crée votre landing page professionnelle à Saint-Maur-des-Fosses, optimisée pour le SEO et orientée conversion.","Service rapide, optimisation Google locale pour Saint-Maur-des-Fosses, intégration WhatsApp et Calendly."
Fort-de-France,fort-de-france,France,Création de landing page à Fort-de-France – Livraison 3 jours – 299 € HT,"Landing page professionnelle à Fort-de-France. Livraison rapide en 3 jours, design premium et SEO optimisé. Tarif : 299 € HT.","Landing26 crée votre landing page professionnelle à Fort-de-France, optimisée pour le SEO et orientée conversion.","Service rapide, optimisation Google locale pour Fort-de-France, intégration WhatsApp et Calendly."
Aubervilliers,aubervilliers,France,Création de landing page à Aubervilliers – Livraison 3 jours – 299 € HT,"Landing page professionnelle à Aubervilliers. Livraison rapide en 3 jours, design premium et SEO optimisé. Tarif : 299 € HT.","Landing26 crée votre landing page professionnelle à Aubervilliers, optimisée pour le SEO et orientée conversion.","Service rapide, optimisation Google locale pour Aubervilliers, intégration WhatsApp et Calendly."
Courbevoie,courbevoie,France,Création de landing page à Courbevoie – Livraison 3 jours – 299 € HT,"Landing page professionnelle à Courbevoie. Livraison rapide en 3 jours, design premium et SEO optimisé. Tarif : 299 € HT.","Landing26 crée votre landing page professionnelle à Courbevoie, optimisée pour le SEO et orientée conversion.","Service rapide, optimisation Google locale pour Courbevoie, intégration WhatsApp et Calendly."
Vitry-sur-Seine,vitry-sur-seine,France,Création de landing page à Vitry-sur-Seine – Livraison 3 jours – 299 € HT,"Landing page professionnelle à Vitry-sur-Seine. Livraison rapide en 3 jours, design premium et SEO optimisé. Tarif : 299 € HT.","Landing26 crée votre landing page professionnelle à Vitry-sur-Seine, optimisée pour le SEO et orientée conversion.","Service rapide, optimisation Google locale pour Vitry-sur-Seine, intégration WhatsApp et Calendly."
Asnieres-sur-Seine,asnieres-sur-seine,France,Création de landing page à Asnieres-sur-Seine – Livraison 3 jours – 299 € HT,"Landing page professionnelle à Asnieres-sur-Seine. Livraison rapide en 3 jours, design premium et SEO optimisé. Tarif : 299 € HT.","Landing26 crée votre landing page professionnelle à Asnieres-sur-Seine, optimisée pour le SEO et orientée conversion.","Service rapide, optimisation Google locale pour Asnieres-sur-Seine, intégration WhatsApp et Calendly."
Champigny-sur-Marne,champigny-sur-marne,France,Création de landing page à Champigny-sur-Marne – Livraison 3 jours – 299 € HT,"Landing page professionnelle à Champigny-sur-Marne. Livraison rapide en 3 jours, design premium et SEO optimisé. Tarif : 299 € HT.","Landing26 crée votre landing page professionnelle à Champigny-sur-Marne, optimisée pour le SEO et orientée conversion.","Service rapide, optimisation Google locale pour Champigny-sur-Marne, intégration WhatsApp et Calendly."
Rueil-Malmaison,rueil-malmaison,France,Création de landing page à Rueil-Malmaison – Livraison 3 jours – 299 € HT,"Landing page professionnelle à Rueil-Malmaison. Livraison rapide en 3 jours, design premium et SEO optimisé. Tarif : 299 € HT.","Landing26 crée votre landing page professionnelle à Rueil-Malmaison, optimisée pour le SEO et orientée conversion.","Service rapide, optimisation Google locale pour Rueil-Malmaison, intégration WhatsApp et Calendly."
Saint-Denis,saint-denis,France,Création de landing page à Saint-Denis – Livraison 3 jours – 299 € HT,"Landing page professionnelle à Saint-Denis. Livraison rapide en 3 jours, design premium et SEO optimisé. Tarif : 299 € HT.","Landing26 crée votre landing page professionnelle à Saint-Denis, optimisée pour le SEO et orientée conversion.","Service rapide, optimisation Google locale pour Saint-Denis, intégration WhatsApp et Calendly."
Nanterre,nanterre,France,Création de landing page à Nanterre – Livraison 3 jours – 299 € HT,"Landing page professionnelle à Nanterre. Livraison rapide en 3 jours, design premium et SEO optimisé. Tarif : 299 € HT.","Landing26 crée votre landing page professionnelle à Nanterre, optimisée pour le SEO et orientée conversion.","Service rapide, optimisation Google locale pour Nanterre, intégration WhatsApp et Calendly."
Creteil,creteil,France,Création de landing page à Creteil – Livraison 3 jours – 299 € HT,"Landing page professionnelle à Creteil. Livraison rapide en 3 jours, design premium et SEO optimisé. Tarif : 299 € HT.","Landing26 crée votre landing page professionnelle à Creteil, optimisée pour le SEO et orientée conversion.","Service rapide, optimisation Google locale pour Creteil, intégration WhatsApp et Calendly."
Calais,calais,France,Création de landing page à Calais – Livraison 3 jours – 299 € HT,"Landing page professionnelle à Calais. Livraison rapide en 3 jours, design premium et SEO optimisé. Tarif : 299 € HT.","Landing26 crée votre landing page professionnelle à Calais, optimisée pour le SEO et orientée conversion.","Service rapide, optimisation Google locale pour Calais, intégration WhatsApp et Calendly."
Tarbes,tarbes,France,Création de landing page à Tarbes – Livraison 3 jours – 299 € HT,"Landing page professionnelle à Tarbes. Livraison rapide en 3 jours, design premium et SEO optimisé. Tarif : 299 € HT.","Landing26 crée votre landing page professionnelle à Tarbes, optimisée pour le SEO et orientée conversion.","Service rapide, optimisation Google locale pour Tarbes, intégration WhatsApp et Calendly."
Beziers,beziers,France,Création de landing page à Beziers – Livraison 3 jours – 299 € HT,"Landing page professionnelle à Beziers. Livraison rapide en 3 jours, design premium et SEO optimisé. Tarif : 299 € HT.","Landing26 crée votre landing page professionnelle à Beziers, optimisée pour le SEO et orientée conversion.","Service rapide, optimisation Google locale pour Beziers, intégration WhatsApp et Calendly."
Valence,valence,France,Création de landing page à Valence – Livraison 3 jours – 299 € HT,"Landing page professionnelle à Valence. Livraison rapide en 3 jours, design premium et SEO optimisé. Tarif : 299 € HT.","Landing26 crée votre landing page professionnelle à Valence, optimisée pour le SEO et orientée conversion.","Service rapide, optimisation Google locale pour Valence, intégration WhatsApp et Calendly."
Quimper,quimper,France,Création de landing page à Quimper – Livraison 3 jours – 299 € HT,"Landing page professionnelle à Quimper. Livraison rapide en 3 jours, design premium et SEO optimisé. Tarif : 299 € HT.","Landing26 crée votre landing page professionnelle à Quimper, optimisée pour le SEO et orientée conversion.","Service rapide, optimisation Google locale pour Quimper, intégration WhatsApp et Calendly."
Ajaccio,ajaccio,France,Création de landing page à Ajaccio – Livraison 3 jours – 299 € HT,"Landing page professionnelle à Ajaccio. Livraison rapide en 3 jours, design premium et SEO optimisé. Tarif : 299 € HT.","Landing26 crée votre landing page professionnelle à Ajaccio, optimisée pour le SEO et orientée conversion.","Service rapide, optimisation Google locale pour Ajaccio, intégration WhatsApp et Calendly."
Vannes,vannes,France,Création de landing page à Vannes – Livraison 3 jours – 299 € HT,"Landing page professionnelle à Vannes. Livraison rapide en 3 jours, design premium et SEO optimisé. Tarif : 299 € HT.","Landing26 crée votre landing page professionnelle à Vannes, optimisée pour le SEO et orientée conversion.","Service rapide, optimisation Google locale pour Vannes, intégration WhatsApp et Calendly."
Bayonne,bayonne,France,Création de landing page à Bayonne – Livraison 3 jours – 299 € HT,"Landing page professionnelle à Bayonne. Livraison rapide en 3 jours, design premium et SEO optimisé. Tarif : 299 € HT.","Landing26 crée votre landing page professionnelle à Bayonne, optimisée pour le SEO et orientée conversion.","Service rapide, optimisation Google locale pour Bayonne, intégration WhatsApp et Calendly."
Niort,niort,France,Création de landing page à Niort – Livraison 3 jours – 299 € HT,"Landing page professionnelle à Niort. Livraison rapide en 3 jours, design premium et SEO optimisé. Tarif : 299 € HT.","Landing26 crée votre landing page professionnelle à Niort, optimisée pour le SEO et orientée conversion.","Service rapide, optimisation Google locale pour Niort, intégration WhatsApp et Calendly."
Chambery,chambery,France,Création de landing page à Chambery – Livraison 3 jours – 299 € HT,"Landing page professionnelle à Chambery. Livraison rapide en 3 jours, design premium et SEO optimisé. Tarif : 299 € HT.","Landing26 crée votre landing page professionnelle à Chambery, optimisée pour le SEO et orientée conversion.","Service rapide, optimisation Google locale pour Chambery, intégration WhatsApp et Calendly."
Lorient,lorient,France,Création de landing page à Lorient – Livraison 3 jours – 299 € HT,"Landing page professionnelle à Lorient. Livraison rapide en 3 jours, design premium et SEO optimisé. Tarif : 299 € HT.","Landing26 crée votre landing page professionnelle à Lorient, optimisée pour le SEO et orientée conversion.","Service rapide, optimisation Google locale pour Lorient, intégration WhatsApp et Calendly."
Cayenne,cayenne,France,Création de landing page à Cayenne – Livraison 3 jours – 299 € HT,"Landing page professionnelle à Cayenne. Livraison rapide en 3 jours, design premium et SEO optimisé. Tarif : 299 € HT.","Landing26 crée votre landing page professionnelle à Cayenne, optimisée pour le SEO et orientée conversion.","Service rapide, optimisation Google locale pour Cayenne, intégration WhatsApp et Calendly."
Evreux,evreux,France,Création de landing page à Evreux – Livraison 3 jours – 299 € HT,"Landing page professionnelle à Evreux. Livraison rapide en 3 jours, design premium et SEO optimisé. Tarif : 299 € HT.","Landing26 crée votre landing page professionnelle à Evreux, optimisée pour le SEO et orientée conversion.","Service rapide, optimisation Google locale pour Evreux, intégration WhatsApp et Calendly."
Chartres,chartres,France,Création de landing page à Chartres – Livraison 3 jours – 299 € HT,"Landing page professionnelle à Chartres. Livraison rapide en 3 jours, design premium et SEO optimisé. Tarif : 299 € HT.","Landing26 crée votre landing page professionnelle à Chartres, optimisée pour le SEO et orientée conversion.","Service rapide, optimisation Google locale pour Chartres, intégration WhatsApp et Calendly."
Saint-Quentin,saint-quentin,France,Création de landing page à Saint-Quentin – Livraison 3 jours – 299 € HT,"Landing page professionnelle à Saint-Quentin. Livraison rapide en 3 jours, design premium et SEO optimisé. Tarif : 299 € HT.","Landing26 crée votre landing page professionnelle à Saint-Quentin, optimisée pour le SEO et orientée conversion.","Service rapide, optimisation Google locale pour Saint-Quentin, intégration WhatsApp et Calendly."
Albi,albi,France,Création de landing page à Albi – Livraison 3 jours – 299 € HT,"Landing page professionnelle à Albi. Livraison rapide en 3 jours, design premium et SEO optimisé. Tarif : 299 € HT.","Landing26 crée votre landing page professionnelle à Albi, optimisée pour le SEO et orientée conversion.","Service rapide, optimisation Google locale pour Albi, intégration WhatsApp et Calendly."
Brive-la-Gaillarde,brive-la-gaillarde,France,Création de landing page à Brive-la-Gaillarde – Livraison 3 jours – 299 € HT,"Landing page professionnelle à Brive-la-Gaillarde. Livraison rapide en 3 jours, design premium et SEO optimisé. Tarif : 299 € HT.","Landing26 crée votre landing page professionnelle à Brive-la-Gaillarde, optimisée pour le SEO et orientée conversion.","Service rapide, optimisation Google locale pour Brive-la-Gaillarde, intégration WhatsApp et Calendly."
Charleville-Mezieres,charleville-mezieres,France,Création de landing page à Charleville-Mezieres – Livraison 3 jours – 299 € HT,"Landing page professionnelle à Charleville-Mezieres. Livraison rapide en 3 jours, design premium et SEO optimisé. Tarif : 299 € HT.","Landing26 crée votre landing page professionnelle à Charleville-Mezieres, optimisée pour le SEO et orientée conversion.","Service rapide, optimisation Google locale pour Charleville-Mezieres, intégration WhatsApp et Calendly."
Chalon-sur-Saone,chalon-sur-saone,France,Création de landing page à Chalon-sur-Saone – Livraison 3 jours – 299 € HT,"Landing page professionnelle à Chalon-sur-Saone. Livraison rapide en 3 jours, design premium et SEO optimisé. Tarif : 299 € HT.","Landing26 crée votre landing page professionnelle à Chalon-sur-Saone, optimisée pour le SEO et orientée conversion.","Service rapide, optimisation Google locale pour Chalon-sur-Saone, intégration WhatsApp et Calendly."
Arles,arles,France,Création de landing page à Arles – Livraison 3 jours – 299 € HT,"Landing page professionnelle à Arles. Livraison rapide en 3 jours, design premium et SEO optimisé. Tarif : 299 € HT.","Landing26 crée votre landing page professionnelle à Arles, optimisée pour le SEO et orientée conversion.","Service rapide, optimisation Google locale pour Arles, intégration WhatsApp et Calendly."
Merignac,merignac,France,Création de landing page à Merignac – Livraison 3 jours – 299 € HT,"Landing page professionnelle à Merignac. Livraison rapide en 3 jours, design premium et SEO optimisé. Tarif : 299 € HT.","Landing26 crée votre landing page professionnelle à Merignac, optimisée pour le SEO et orientée conversion.","Service rapide, optimisation Google locale pour Merignac, intégration WhatsApp et Calendly."
Saint-Nazaire,saint-nazaire,France,Création de landing page à Saint-Nazaire – Livraison 3 jours – 299 € HT,"Landing page professionnelle à Saint-Nazaire. Livraison rapide en 3 jours, design premium et SEO optimisé. Tarif : 299 € HT.","Landing26 crée votre landing page professionnelle à Saint-Nazaire, optimisée pour le SEO et orientée conversion.","Service rapide, optimisation Google locale pour Saint-Nazaire, intégration WhatsApp et Calendly."
Cholet,cholet,France,Création de landing page à Cholet – Livraison 3 jours – 299 € HT,"Landing page professionnelle à Cholet. Livraison rapide en 3 jours, design premium et SEO optimisé. Tarif : 299 € HT.","Landing26 crée votre landing page professionnelle à Cholet, optimisée pour le SEO et orientée conversion.","Service rapide, optimisation Google locale pour Cholet, intégration WhatsApp et Calendly."
Cergy,cergy,France,Création de landing page à Cergy – Livraison 3 jours – 299 € HT,"Landing page professionnelle à Cergy. Livraison rapide en 3 jours, design premium et SEO optimisé. Tarif : 299 € HT.","Landing26 crée votre landing page professionnelle à Cergy, optimisée pour le SEO et orientée conversion.","Service rapide, optimisation Google locale pour Cergy, intégration WhatsApp et Calendly."
Pessac,pessac,France,Création de landing page à Pessac – Livraison 3 jours – 299 € HT,"Landing page professionnelle à Pessac. Livraison rapide en 3 jours, design premium et SEO optimisé. Tarif : 299 € HT.","Landing26 crée votre landing page professionnelle à Pessac, optimisée pour le SEO et orientée conversion.","Service rapide, optimisation Google locale pour Pessac, intégration WhatsApp et Calendly."
Ivry-sur-Seine,ivry-sur-seine,France,Création de landing page à Ivry-sur-Seine – Livraison 3 jours – 299 € HT,"Landing page professionnelle à Ivry-sur-Seine. Livraison rapide en 3 jours, design premium et SEO optimisé. Tarif : 299 € HT.","Landing26 crée votre landing page professionnelle à Ivry-sur-Seine, optimisée pour le SEO et orientée conversion.","Service rapide, optimisation Google locale pour Ivry-sur-Seine, intégration WhatsApp et Calendly."
Neuilly-sur-Seine,neuilly-sur-seine,France,Création de landing page à Neuilly-sur-Seine – Livraison 3 jours – 299 € HT,"Landing page professionnelle à Neuilly-sur-Seine. Livraison rapide en 3 jours, design premium et SEO optimisé. Tarif : 299 € HT.","Landing26 crée votre landing page professionnelle à Neuilly-sur-Seine, optimisée pour le SEO et orientée conversion.","Service rapide, optimisation Google locale pour Neuilly-sur-Seine, intégration WhatsApp et Calendly."
Sartrouville,sartrouville,France,Création de landing page à Sartrouville – Livraison 3 jours – 299 € HT,"Landing page professionnelle à Sartrouville. Livraison rapide en 3 jours, design premium et SEO optimisé. Tarif : 299 € HT.","Landing26 crée votre landing page professionnelle à Sartrouville, optimisée pour le SEO et orientée conversion.","Service rapide, optimisation Google locale pour Sartrouville, intégration WhatsApp et Calendly."
Boulogne-sur-Mer,boulogne-sur-mer,France,Création de landing page à Boulogne-sur-Mer – Livraison 3 jours – 299 € HT,"Landing page professionnelle à Boulogne-sur-Mer. Livraison rapide en 3 jours, design premium et SEO optimisé. Tarif : 299 € HT.","Landing26 crée votre landing page professionnelle à Boulogne-sur-Mer, optimisée pour le SEO et orientée conversion.","Service rapide, optimisation Google locale pour Boulogne-sur-Mer, intégration WhatsApp et Calendly."
Meaux,meaux,France,Création de landing page à Meaux – Livraison 3 jours – 299 € HT,"Landing page professionnelle à Meaux. Livraison rapide en 3 jours, design premium et SEO optimisé. Tarif : 299 € HT.","Landing26 crée votre landing page professionnelle à Meaux, optimisée pour le SEO et orientée conversion.","Service rapide, optimisation Google locale pour Meaux, intégration WhatsApp et Calendly."
Sete,sete,France,Création de landing page à Sete – Livraison 3 jours – 299 € HT,"Landing page professionnelle à Sete. Livraison rapide en 3 jours, design premium et SEO optimisé. Tarif : 299 € HT.","Landing26 crée votre landing page professionnelle à Sete, optimisée pour le SEO et orientée conversion.","Service rapide, optimisation Google locale pour Sete, intégration WhatsApp et Calendly."
Pantin,pantin,France,Création de landing page à Pantin – Livraison 3 jours – 299 € HT,"Landing page professionnelle à Pantin. Livraison rapide en 3 jours, design premium et SEO optimisé. Tarif : 299 € HT.","Landing26 crée votre landing page professionnelle à Pantin, optimisée pour le SEO et orientée conversion.","Service rapide, optimisation Google locale pour Pantin, intégration WhatsApp et Calendly."
Antony,antony,France,Création de landing page à Antony – Livraison 3 jours – 299 € HT,"Landing page professionnelle à Antony. Livraison rapide en 3 jours, design premium et SEO optimisé. Tarif : 299 € HT.","Landing26 crée votre landing page professionnelle à Antony, optimisée pour le SEO et orientée conversion.","Service rapide, optimisation Google locale pour Antony, intégration WhatsApp et Calendly."
Blois,blois,France,Création de landing page à Blois – Livraison 3 jours – 299 € HT,"Landing page professionnelle à Blois. Livraison rapide en 3 jours, design premium et SEO optimisé. Tarif : 299 € HT.","Landing26 crée votre landing page professionnelle à Blois, optimisée pour le SEO et orientée conversion.","Service rapide, optimisation Google locale pour Blois, intégration WhatsApp et Calendly."
Beauvais,beauvais,France,Création de landing page à Beauvais – Livraison 3 jours – 299 € HT,"Landing page professionnelle à Beauvais. Livraison rapide en 3 jours, design premium et SEO optimisé. Tarif : 299 € HT.","Landing26 crée votre landing page professionnelle à Beauvais, optimisée pour le SEO et orientée conversion.","Service rapide, optimisation Google locale pour Beauvais, intégration WhatsApp et Calendly."
Epinay-sur-Seine,epinay-sur-seine,France,Création de landing page à Epinay-sur-Seine – Livraison 3 jours – 299 € HT,"Landing page professionnelle à Epinay-sur-Seine. Livraison rapide en 3 jours, design premium et SEO optimisé. Tarif : 299 € HT.","Landing26 crée votre landing page professionnelle à Epinay-sur-Seine, optimisée pour le SEO et orientée conversion.","Service rapide, optimisation Google locale pour Epinay-sur-Seine, intégration WhatsApp et Calendly."
Drancy,drancy,France,Création de landing page à Drancy – Livraison 3 jours – 299 € HT,"Landing page professionnelle à Drancy. Livraison rapide en 3 jours, design premium et SEO optimisé. Tarif : 299 € HT.","Landing26 crée votre landing page professionnelle à Drancy, optimisée pour le SEO et orientée conversion.","Service rapide, optimisation Google locale pour Drancy, intégration WhatsApp et Calendly."
Noisy-le-Grand,noisy-le-grand,France,Création de landing page à Noisy-le-Grand – Livraison 3 jours – 299 € HT,"Landing page professionnelle à Noisy-le-Grand. Livraison rapide en 3 jours, design premium et SEO optimisé. Tarif : 299 € HT.","Landing26 crée votre landing page professionnelle à Noisy-le-Grand, optimisée pour le SEO et orientée conversion.","Service rapide, optimisation Google locale pour Noisy-le-Grand, intégration WhatsApp et Calendly."
Colombes,colombes,France,Création de landing page à Colombes – Livraison 3 jours – 299 € HT,"Landing page professionnelle à Colombes. Livraison rapide en 3 jours, design premium et SEO optimisé. Tarif : 299 € HT.","Landing26 crée votre landing page professionnelle à Colombes, optimisée pour le SEO et orientée conversion.","Service rapide, optimisation Google locale pour Colombes, intégration WhatsApp et Calendly."
Aulnay-sous-Bois,aulnay-sous-bois,France,Création de landing page à Aulnay-sous-Bois – Livraison 3 jours – 299 € HT,"Landing page professionnelle à Aulnay-sous-Bois. Livraison rapide en 3 jours, design premium et SEO optimisé. Tarif : 299 € HT.","Landing26 crée votre landing page professionnelle à Aulnay-sous-Bois, optimisée pour le SEO et orientée conversion.","Service rapide, optimisation Google locale pour Aulnay-sous-Bois, intégration WhatsApp et Calendly."
Levallois-Perret,levallois-perret,France,Création de landing page à Levallois-Perret – Livraison 3 jours – 299 € HT,"Landing page professionnelle à Levallois-Perret. Livraison rapide en 3 jours, design premium et SEO optimisé. Tarif : 299 € HT.","Landing26 crée votre landing page professionnelle à Levallois-Perret, optimisée pour le SEO et orientée conversion.","Service rapide, optimisation Google locale pour Levallois-Perret, intégration WhatsApp et Calendly."
Montpellier,montpellier,France,Création de landing page à Montpellier – Livraison 3 jours – 299 € HT,"Landing page professionnelle à Montpellier. Livraison rapide en 3 jours, design premium et SEO optimisé. Tarif : 299 € HT.","Landing26 crée votre landing page professionnelle à Montpellier, optimisée pour le SEO et orientée conversion.","Service rapide, optimisation Google locale pour Montpellier, intégration WhatsApp et Calendly."
Troyes,troyes,France,Création de landing page à Troyes – Livraison 3 jours – 299 € HT,"Landing page professionnelle à Troyes. Livraison rapide en 3 jours, design premium et SEO optimisé. Tarif : 299 € HT.","Landing26 crée votre landing page professionnelle à Troyes, optimisée pour le SEO et orientée conversion.","Service rapide, optimisation Google locale pour Troyes, intégration WhatsApp et Calendly."
Saint-Herblain,saint-herblain,France,Création de landing page à Saint-Herblain – Livraison 3 jours – 299 € HT,"Landing page professionnelle à Saint-Herblain. Livraison rapide en 3 jours, design premium et SEO optimisé. Tarif : 299 € HT.","Landing26 crée votre landing page professionnelle à Saint-Herblain, optimisée pour le SEO et orientée conversion.","Service rapide, optimisation Google locale pour Saint-Herblain, intégration WhatsApp et Calendly."
Anglet,anglet,France,Création de landing page à Anglet – Livraison 3 jours – 299 € HT,"Landing page professionnelle à Anglet. Livraison rapide en 3 jours, design premium et SEO optimisé. Tarif : 299 € HT.","Landing26 crée votre landing page professionnelle à Anglet, optimisée pour le SEO et orientée conversion.","Service rapide, optimisation Google locale pour Anglet, intégration WhatsApp et Calendly."
Montauban,montauban,France,Création de landing page à Montauban – Livraison 3 jours – 299 € HT,"Landing page professionnelle à Montauban. Livraison rapide en 3 jours, design premium et SEO optimisé. Tarif : 299 € HT.","Landing26 crée votre landing page professionnelle à Montauban, optimisée pour le SEO et orientée conversion.","Service rapide, optimisation Google locale pour Montauban, intégration WhatsApp et Calendly."
Narbonne,narbonne,France,Création de landing page à Narbonne – Livraison 3 jours – 299 € HT,"Landing page professionnelle à Narbonne. Livraison rapide en 3 jours, design premium et SEO optimisé. Tarif : 299 € HT.","Landing26 crée votre landing page professionnelle à Narbonne, optimisée pour le SEO et orientée conversion.","Service rapide, optimisation Google locale pour Narbonne, intégration WhatsApp et Calendly."
Orange,orange,France,Création de landing page à Orange – Livraison 3 jours – 299 € HT,"Landing page professionnelle à Orange. Livraison rapide en 3 jours, design premium et SEO optimisé. Tarif : 299 € HT.","Landing26 crée votre landing page professionnelle à Orange, optimisée pour le SEO et orientée conversion.","Service rapide, optimisation Google locale pour Orange, intégration WhatsApp et Calendly."
Carcassonne,carcassonne,France,Création de landing page à Carcassonne – Livraison 3 jours – 299 € HT,"Landing page professionnelle à Carcassonne. Livraison rapide en 3 jours, design premium et SEO optimisé. Tarif : 299 € HT.","Landing26 crée votre landing page professionnelle à Carcassonne, optimisée pour le SEO et orientée conversion.","Service rapide, optimisation Google locale pour Carcassonne, intégration WhatsApp et Calendly."
Alès,ales,France,Création de landing page à Alès – Livraison 3 jours – 299 € HT,"Landing page professionnelle à Alès. Livraison rapide en 3 jours, design premium et SEO optimisé. Tarif : 299 € HT.","Landing26 crée votre landing page professionnelle à Alès, optimisée pour le SEO et orientée conversion.","Service rapide, optimisation Google locale pour Alès, intégration WhatsApp et Calendly."
Gap,gap,France,Création de landing page à Gap – Livraison 3 jours – 299 € HT,"Landing page professionnelle à Gap. Livraison rapide en 3 jours, design premium et SEO optimisé. Tarif : 299 € HT.","Landing26 crée votre landing page professionnelle à Gap, optimisée pour le SEO et orientée conversion.","Service rapide, optimisation Google locale pour Gap, intégration WhatsApp et Calendly."
Dreux,dreux,France,Création de landing page à Dreux – Livraison 3 jours – 299 € HT,"Landing page professionnelle à Dreux. Livraison rapide en 3 jours, design premium et SEO optimisé. Tarif : 299 € HT.","Landing26 crée votre landing page professionnelle à Dreux, optimisée pour le SEO et orientée conversion.","Service rapide, optimisation Google locale pour Dreux, intégration WhatsApp et Calendly."
Haguenau,haguenau,France,Création de landing page à Haguenau – Livraison 3 jours – 299 € HT,"Landing page professionnelle à Haguenau. Livraison rapide en 3 jours, design premium et SEO optimisé. Tarif : 299 € HT.","Landing26 crée votre landing page professionnelle à Haguenau, optimisée pour le SEO et orientée conversion.","Service rapide, optimisation Google locale pour Haguenau, intégration WhatsApp et Calendly."
Saint-Brieuc,saint-brieuc,France,Création de landing page à Saint-Brieuc – Livraison 3 jours – 299 € HT,"Landing page professionnelle à Saint-Brieuc. Livraison rapide en 3 jours, design premium et SEO optimisé. Tarif : 299 € HT.","Landing26 crée votre landing page professionnelle à Saint-Brieuc, optimisée pour le SEO et orientée conversion.","Service rapide, optimisation Google locale pour Saint-Brieuc, intégration WhatsApp et Calendly."
Vienne,vienne,France,Création de landing page à Vienne – Livraison 3 jours – 299 € HT,"Landing page professionnelle à Vienne. Livraison rapide en 3 jours, design premium et SEO optimisé. Tarif : 299 € HT.","Landing26 crée votre landing page professionnelle à Vienne, optimisée pour le SEO et orientée conversion.","Service rapide, optimisation Google locale pour Vienne, intégration WhatsApp et Calendly."
Macon,macon,France,Création de landing page à Macon – Livraison 3 jours – 299 € HT,"Landing page professionnelle à Macon. Livraison rapide en 3 jours, design premium et SEO optimisé. Tarif : 299 € HT.","Landing26 crée votre landing page professionnelle à Macon, optimisée pour le SEO et orientée conversion.","Service rapide, optimisation Google locale pour Macon, intégration WhatsApp et Calendly."
Bourg-en-Bresse,bourg-en-bresse,France,Création de landing page à Bourg-en-Bresse – Livraison 3 jours – 299 € HT,"Landing page professionnelle à Bourg-en-Bresse. Livraison rapide en 3 jours, design premium et SEO optimisé. Tarif : 299 € HT.","Landing26 crée votre landing page professionnelle à Bourg-en-Bresse, optimisée pour le SEO et orientée conversion.","Service rapide, optimisation Google locale pour Bourg-en-Bresse, intégration WhatsApp et Calendly."
Roanne,roanne,France,Création de landing page à Roanne – Livraison 3 jours – 299 € HT,"Landing page professionnelle à Roanne. Livraison rapide en 3 jours, design premium et SEO optimisé. Tarif : 299 € HT.","Landing26 crée votre landing page professionnelle à Roanne, optimisée pour le SEO et orientée conversion.","Service rapide, optimisation Google locale pour Roanne, intégration WhatsApp et Calendly."
Dieppe,dieppe,France,Création de landing page à Dieppe – Livraison 3 jours – 299 € HT,"Landing page professionnelle à Dieppe. Livraison rapide en 3 jours, design premium et SEO optimisé. Tarif : 299 € HT.","Landing26 crée votre landing page professionnelle à Dieppe, optimisée pour le SEO et orientée conversion.","Service rapide, optimisation Google locale pour Dieppe, intégration WhatsApp et Calendly."
Castres,castres,France,Création de landing page à Castres – Livraison 3 jours – 299 € HT,"Landing page professionnelle à Castres. Livraison rapide en 3 jours, design premium et SEO optimisé. Tarif : 299 € HT.","Landing26 crée votre landing page professionnelle à Castres, optimisée pour le SEO et orientée conversion.","Service rapide, optimisation Google locale pour Castres, intégration WhatsApp et Calendly."
Compiègne,compiegne,France,Création de landing page à Compiègne – Livraison 3 jours – 299 € HT,"Landing page professionnelle à Compiègne. Livraison rapide en 3 jours, design premium et SEO optimisé. Tarif : 299 € HT.","Landing26 crée votre landing page professionnelle à Compiègne, optimisée pour le SEO et orientée conversion.","Service rapide, optimisation Google locale pour Compiègne, intégration WhatsApp et Calendly."
Douai,douai,France,Création de landing page à Douai – Livraison 3 jours – 299 € HT,"Landing page professionnelle à Douai. Livraison rapide en 3 jours, design premium et SEO optimisé. Tarif : 299 € HT.","Landing26 crée votre landing page professionnelle à Douai, optimisée pour le SEO et orientée conversion.","Service rapide, optimisation Google locale pour Douai, intégration WhatsApp et Calendly."
Lens,lens,France,Création de landing page à Lens – Livraison 3 jours – 299 € HT,"Landing page professionnelle à Lens. Livraison rapide en 3 jours, design premium et SEO optimisé. Tarif : 299 € HT.","Landing26 crée votre landing page professionnelle à Lens, optimisée pour le SEO et orientée conversion.","Service rapide, optimisation Google locale pour Lens, intégration WhatsApp et Calendly."
Bergerac,bergerac,France,Création de landing page à Bergerac – Livraison 3 jours – 299 € HT,"Landing page professionnelle à Bergerac. Livraison rapide en 3 jours, design premium et SEO optimisé. Tarif : 299 € HT.","Landing26 crée votre landing page professionnelle à Bergerac, optimisée pour le SEO et orientée conversion.","Service rapide, optimisation Google locale pour Bergerac, intégration WhatsApp et Calendly."
Sarlat,sarlat,France,Création de landing page à Sarlat – Livraison 3 jours – 299 € HT,"Landing page professionnelle à Sarlat. Livraison rapide en 3 jours, design premium et SEO optimisé. Tarif : 299 € HT.","Landing26 crée votre landing page professionnelle à Sarlat, optimisée pour le SEO et orientée conversion.","Service rapide, optimisation Google locale pour Sarlat, intégration WhatsApp et Calendly."
Brignoles,brignoles,France,Création de landing page à Brignoles – Livraison 3 jours – 299 € HT,"Landing page professionnelle à Brignoles. Livraison rapide en 3 jours, design premium et SEO optimisé. Tarif : 299 € HT.","Landing26 crée votre landing page professionnelle à Brignoles, optimisée pour le SEO et orientée conversion.","Service rapide, optimisation Google locale pour Brignoles, intégration WhatsApp et Calendly."
Grasse,grasse,France,Création de landing page à Grasse – Livraison 3 jours – 299 € HT,"Landing page professionnelle à Grasse. Livraison rapide en 3 jours, design premium et SEO optimisé. Tarif : 299 € HT.","Landing26 crée votre landing page professionnelle à Grasse, optimisée pour le SEO et orientée conversion.","Service rapide, optimisation Google locale pour Grasse, intégration WhatsApp et Calendly."
Menton,menton,France,Création de landing page à Menton – Livraison 3 jours – 299 € HT,"Landing page professionnelle à Menton. Livraison rapide en 3 jours, design premium et SEO optimisé. Tarif : 299 € HT.","Landing26 crée votre landing page professionnelle à Menton, optimisée pour le SEO et orientée conversion.","Service rapide, optimisation Google locale pour Menton, intégration WhatsApp et Calendly."
Hyères,hyeres,France,Création de landing page à Hyères – Livraison 3 jours – 299 € HT,"Landing page professionnelle à Hyères. Livraison rapide en 3 jours, design premium et SEO optimisé. Tarif : 299 € HT.","Landing26 crée votre landing page professionnelle à Hyères, optimisée pour le SEO et orientée conversion.","Service rapide, optimisation Google locale pour Hyères, intégration WhatsApp et Calendly."
Fréjus,frejus,France,Création de landing page à Fréjus – Livraison 3 jours – 299 € HT,"Landing page professionnelle à Fréjus. Livraison rapide en 3 jours, design premium et SEO optimisé. Tarif : 299 € HT.","Landing26 crée votre landing page professionnelle à Fréjus, optimisée pour le SEO et orientée conversion.","Service rapide, optimisation Google locale pour Fréjus, intégration WhatsApp et Calendly."
Draguignan,draguignan,France,Création de landing page à Draguignan – Livraison 3 jours – 299 € HT,"Landing page professionnelle à Draguignan. Livraison rapide en 3 jours, design premium et SEO optimisé. Tarif : 299 € HT.","Landing26 crée votre landing page professionnelle à Draguignan, optimisée pour le SEO et orientée conversion.","Service rapide, optimisation Google locale pour Draguignan, intégration WhatsApp et Calendly."
Manosque,manosque,France,Création de landing page à Manosque – Livraison 3 jours – 299 € HT,"Landing page professionnelle à Manosque. Livraison rapide en 3 jours, design premium et SEO optimisé. Tarif : 299 € HT.","Landing26 crée votre landing page professionnelle à Manosque, optimisée pour le SEO et orientée conversion.","Service rapide, optimisation Google locale pour Manosque, intégration WhatsApp et Calendly."
Digne-les-Bains,digne-les-bains,France,Création de landing page à Digne-les-Bains – Livraison 3 jours – 299 € HT,"Landing page professionnelle à Digne-les-Bains. Livraison rapide en 3 jours, design premium et SEO optimisé. Tarif : 299 € HT.","Landing26 crée votre landing page professionnelle à Digne-les-Bains, optimisée pour le SEO et orientée conversion.","Service rapide, optimisation Google locale pour Digne-les-Bains, intégration WhatsApp et Calendly."
Sisteron,sisteron,France,Création de landing page à Sisteron – Livraison 3 jours – 299 € HT,"Landing page professionnelle à Sisteron. Livraison rapide en 3 jours, design premium et SEO optimisé. Tarif : 299 € HT.","Landing26 crée votre landing page professionnelle à Sisteron, optimisée pour le SEO et orientée conversion.","Service rapide, optimisation Google locale pour Sisteron, intégration WhatsApp et Calendly."
Apt,apt,France,Création de landing page à Apt – Livraison 3 jours – 299 € HT,"Landing page professionnelle à Apt. Livraison rapide en 3 jours, design premium et SEO optimisé. Tarif : 299 € HT.","Landing26 crée votre landing page professionnelle à Apt, optimisée pour le SEO et orientée conversion.","Service rapide, optimisation Google locale pour Apt, intégration WhatsApp et Calendly."
Carpentras,carpentras,France,Création de landing page à Carpentras – Livraison 3 jours – 299 € HT,"Landing page professionnelle à Carpentras. Livraison rapide en 3 jours, design premium et SEO optimisé. Tarif : 299 € HT.","Landing26 crée votre landing page professionnelle à Carpentras, optimisée pour le SEO et orientée conversion.","Service rapide, optimisation Google locale pour Carpentras, intégration WhatsApp et Calendly."
Bagnols-sur-Cèze,bagnols-sur-ceze,France,Création de landing page à Bagnols-sur-Cèze – Livraison 3 jours – 299 € HT,"Landing page professionnelle à Bagnols-sur-Cèze. Livraison rapide en 3 jours, design premium et SEO optimisé. Tarif : 299 € HT.","Landing26 crée votre landing page professionnelle à Bagnols-sur-Cèze, optimisée pour le SEO et orientée conversion.","Service rapide, optimisation Google locale pour Bagnols-sur-Cèze, intégration WhatsApp et Calendly."
Arles,arles,France,Création de landing page à Arles – Livraison 3 jours – 299 € HT,"Landing page professionnelle à Arles. Livraison rapide en 3 jours, design premium et SEO optimisé. Tarif : 299 € HT.","Landing26 crée votre landing page professionnelle à Arles, optimisée pour le SEO et orientée conversion.","Service rapide, optimisation Google locale pour Arles, intégration WhatsApp et Calendly."
Martigues,martigues,France,Création de landing page à Martigues – Livraison 3 jours – 299 € HT,"Landing page professionnelle à Martigues. Livraison rapide en 3 jours, design premium et SEO optimisé. Tarif : 299 € HT.","Landing26 crée votre landing page professionnelle à Martigues, optimisée pour le SEO et orientée conversion.","Service rapide, optimisation Google locale pour Martigues, intégration WhatsApp et Calendly."
Istres,istres,France,Création de landing page à Istres – Livraison 3 jours – 299 € HT,"Landing page professionnelle à Istres. Livraison rapide en 3 jours, design premium et SEO optimisé. Tarif : 299 € HT.","Landing26 crée votre landing page professionnelle à Istres, optimisée pour le SEO et orientée conversion.","Service rapide, optimisation Google locale pour Istres, intégration WhatsApp et Calendly."
Salon-de-Provence,salon-de-provence,France,Création de landing page à Salon-de-Provence – Livraison 3 jours – 299 € HT,"Landing page professionnelle à Salon-de-Provence. Livraison rapide en 3 jours, design premium et SEO optimisé. Tarif : 299 € HT.","Landing26 crée votre landing page professionnelle à Salon-de-Provence, optimisée pour le SEO et orientée conversion.","Service rapide, optimisation Google locale pour Salon-de-Provence, intégration WhatsApp et Calendly."
Oullins,oullins,France,Création de landing page à Oullins – Livraison 3 jours – 299 € HT,"Landing page professionnelle à Oullins. Livraison rapide en 3 jours, design premium et SEO optimisé. Tarif : 299 € HT.","Landing26 crée votre landing page professionnelle à Oullins, optimisée pour le SEO et orientée conversion.","Service rapide, optimisation Google locale pour Oullins, intégration WhatsApp et Calendly."
Vénissieux,venissieux,France,Création de landing page à Vénissieux – Livraison 3 jours – 299 € HT,"Landing page professionnelle à Vénissieux. Livraison rapide en 3 jours, design premium et SEO optimisé. Tarif : 299 € HT.","Landing26 crée votre landing page professionnelle à Vénissieux, optimisée pour le SEO et orientée conversion.","Service rapide, optimisation Google locale pour Vénissieux, intégration WhatsApp et Calendly."
Bron,bron,France,Création de landing page à Bron – Livraison 3 jours – 299 € HT,"Landing page professionnelle à Bron. Livraison rapide en 3 jours, design premium et SEO optimisé. Tarif : 299 € HT.","Landing26 crée votre landing page professionnelle à Bron, optimisée pour le SEO et orientée conversion.","Service rapide, optimisation Google locale pour Bron, intégration WhatsApp et Calendly."
Caluire-et-Cuire,caluire-et-cuire,France,Création de landing page à Caluire-et-Cuire – Livraison 3 jours – 299 € HT,"Landing page professionnelle à Caluire-et-Cuire. Livraison rapide en 3 jours, design premium et SEO optimisé. Tarif : 299 € HT.","Landing26 crée votre landing page professionnelle à Caluire-et-Cuire, optimisée pour le SEO et orientée conversion.","Service rapide, optimisation Google locale pour Caluire-et-Cuire, intégration WhatsApp et Calendly."
Saint-Priest,saint-priest,France,Création de landing page à Saint-Priest – Livraison 3 jours – 299 € HT,"Landing page professionnelle à Saint-Priest. Livraison rapide en 3 jours, design premium et SEO optimisé. Tarif : 299 € HT.","Landing26 crée votre landing page professionnelle à Saint-Priest, optimisée pour le SEO et orientée conversion.","Service rapide, optimisation Google locale pour Saint-Priest, intégration WhatsApp et Calendly."
Vaulx-en-Velin,vaulx-en-velin,France,Création de landing page à Vaulx-en-Velin – Livraison 3 jours – 299 € HT,"Landing page professionnelle à Vaulx-en-Velin. Livraison rapide en 3 jours, design premium et SEO optimisé. Tarif : 299 € HT.","Landing26 crée votre landing page professionnelle à Vaulx-en-Velin, optimisée pour le SEO et orientée conversion.","Service rapide, optimisation Google locale pour Vaulx-en-Velin, intégration WhatsApp et Calendly."
Décines,decines,France,Création de landing page à Décines – Livraison 3 jours – 299 € HT,"Landing page professionnelle à Décines. Livraison rapide en 3 jours, design premium et SEO optimisé. Tarif : 299 € HT.","Landing26 crée votre landing page professionnelle à Décines, optimisée pour le SEO et orientée conversion.","Service rapide, optimisation Google locale pour Décines, intégration WhatsApp et Calendly."
Garges-lès-Gonesse,garges-les-gonesse,France,Création de landing page à Garges-lès-Gonesse – Livraison 3 jours – 299 € HT,"Landing page professionnelle à Garges-lès-Gonesse. Livraison rapide en 3 jours, design premium et SEO optimisé. Tarif : 299 € HT.","Landing26 crée votre landing page professionnelle à Garges-lès-Gonesse, optimisée pour le SEO et orientée conversion.","Service rapide, optimisation Google locale pour Garges-lès-Gonesse, intégration WhatsApp et Calendly."
Sarcelles,sarcelles,France,Création de landing page à Sarcelles – Livraison 3 jours – 299 € HT,"Landing page professionnelle à Sarcelles. Livraison rapide en 3 jours, design premium et SEO optimisé. Tarif : 299 € HT.","Landing26 crée votre landing page professionnelle à Sarcelles, optimisée pour le SEO et orientée conversion.","Service rapide, optimisation Google locale pour Sarcelles, intégration WhatsApp et Calendly."
Gonesse,gonesse,France,Création de landing page à Gonesse – Livraison 3 jours – 299 € HT,"Landing page professionnelle à Gonesse. Livraison rapide en 3 jours, design premium et SEO optimisé. Tarif : 299 € HT.","Landing26 crée votre landing page professionnelle à Gonesse, optimisée pour le SEO et orientée conversion.","Service rapide, optimisation Google locale pour Gonesse, intégration WhatsApp et Calendly."
Livry-Gargan,livry-gargan,France,Création de landing page à Livry-Gargan – Livraison 3 jours – 299 € HT,"Landing page professionnelle à Livry-Gargan. Livraison rapide en 3 jours, design premium et SEO optimisé. Tarif : 299 € HT.","Landing26 crée votre landing page professionnelle à Livry-Gargan, optimisée pour le SEO et orientée conversion.","Service rapide, optimisation Google locale pour Livry-Gargan, intégration WhatsApp et Calendly."
Bondy,bondy,France,Création de landing page à Bondy – Livraison 3 jours – 299 € HT,"Landing page professionnelle à Bondy. Livraison rapide en 3 jours, design premium et SEO optimisé. Tarif : 299 € HT.","Landing26 crée votre landing page professionnelle à Bondy, optimisée pour le SEO et orientée conversion.","Service rapide, optimisation Google locale pour Bondy, intégration WhatsApp et Calendly."
Sevran,sevran,France,Création de landing page à Sevran – Livraison 3 jours – 299 € HT,"Landing page professionnelle à Sevran. Livraison rapide en 3 jours, design premium et SEO optimisé. Tarif : 299 € HT.","Landing26 crée votre landing page professionnelle à Sevran, optimisée pour le SEO et orientée conversion.","Service rapide, optimisation Google locale pour Sevran, intégration WhatsApp et Calendly."
Villepinte,villepinte,France,Création de landing page à Villepinte – Livraison 3 jours – 299 € HT,"Landing page professionnelle à Villepinte. Livraison rapide en 3 jours, design premium et SEO optimisé. Tarif : 299 € HT.","Landing26 crée votre landing page professionnelle à Villepinte, optimisée pour le SEO et orientée conversion.","Service rapide, optimisation Google locale pour Villepinte, intégration WhatsApp et Calendly."
Taverny,taverny,France,Création de landing page à Taverny – Livraison 3 jours – 299 € HT,"Landing page professionnelle à Taverny. Livraison rapide en 3 jours, design premium et SEO optimisé. Tarif : 299 € HT.","Landing26 crée votre landing page professionnelle à Taverny, optimisée pour le SEO et orientée conversion.","Service rapide, optimisation Google locale pour Taverny, intégration WhatsApp et Calendly."
Ermont,ermont,France,Création de landing page à Ermont – Livraison 3 jours – 299 € HT,"Landing page professionnelle à Ermont. Livraison rapide en 3 jours, design premium et SEO optimisé. Tarif : 299 € HT.","Landing26 crée votre landing page professionnelle à Ermont, optimisée pour le SEO et orientée conversion.","Service rapide, optimisation Google locale pour Ermont, intégration WhatsApp et Calendly."
Eaubonne,eaubonne,France,Création de landing page à Eaubonne – Livraison 3 jours – 299 € HT,"Landing page professionnelle à Eaubonne. Livraison rapide en 3 jours, design premium et SEO optimisé. Tarif : 299 € HT.","Landing26 crée votre landing page professionnelle à Eaubonne, optimisée pour le SEO et orientée conversion.","Service rapide, optimisation Google locale pour Eaubonne, intégration WhatsApp et Calendly."
Franconville,franconville,France,Création de landing page à Franconville – Livraison 3 jours – 299 € HT,"Landing page professionnelle à Franconville. Livraison rapide en 3 jours, design premium et SEO optimisé. Tarif : 299 € HT.","Landing26 crée votre landing page professionnelle à Franconville, optimisée pour le SEO et orientée conversion.","Service rapide, optimisation Google locale pour Franconville, intégration WhatsApp et Calendly."
Argenton,argenton,France,Création de landing page à Argenton – Livraison 3 jours – 299 € HT,"Landing page professionnelle à Argenton. Livraison rapide en 3 jours, design premium et SEO optimisé. Tarif : 299 € HT.","Landing26 crée votre landing page professionnelle à Argenton, optimisée pour le SEO et orientée conversion.","Service rapide, optimisation Google locale pour Argenton, intégration WhatsApp et Calendly."
Lannion,lannion,France,Création de landing page à Lannion – Livraison 3 jours – 299 € HT,"Landing page professionnelle à Lannion. Livraison rapide en 3 jours, design premium et SEO optimisé. Tarif : 299 € HT.","Landing26 crée votre landing page professionnelle à Lannion, optimisée pour le SEO et orientée conversion.","Service rapide, optimisation Google locale pour Lannion, intégration WhatsApp et Calendly."
Morlaix,morlaix,France,Création de landing page à Morlaix – Livraison 3 jours – 299 € HT,"Landing page professionnelle à Morlaix. Livraison rapide en 3 jours, design premium et SEO optimisé. Tarif : 299 € HT.","Landing26 crée votre landing page professionnelle à Morlaix, optimisée pour le SEO et orientée conversion.","Service rapide, optimisation Google locale pour Morlaix, intégration WhatsApp et Calendly."
Saint-Malo,saint-malo,France,Création de landing page à Saint-Malo – Livraison 3 jours – 299 € HT,"Landing page professionnelle à Saint-Malo. Livraison rapide en 3 jours, design premium et SEO optimisé. Tarif : 299 € HT.","Landing26 crée votre landing page professionnelle à Saint-Malo, optimisée pour le SEO et orientée conversion.","Service rapide, optimisation Google locale pour Saint-Malo, intégration WhatsApp et Calendly."
Fougères,fougeres,France,Création de landing page à Fougères – Livraison 3 jours – 299 € HT,"Landing page professionnelle à Fougères. Livraison rapide en 3 jours, design premium et SEO optimisé. Tarif : 299 € HT.","Landing26 crée votre landing page professionnelle à Fougères, optimisée pour le SEO et orientée conversion.","Service rapide, optimisation Google locale pour Fougères, intégration WhatsApp et Calendly."
Redon,redon,France,Création de landing page à Redon – Livraison 3 jours – 299 € HT,"Landing page professionnelle à Redon. Livraison rapide en 3 jours, design premium et SEO optimisé. Tarif : 299 € HT.","Landing26 crée votre landing page professionnelle à Redon, optimisée pour le SEO et orientée conversion.","Service rapide, optimisation Google locale pour Redon, intégration WhatsApp et Calendly."
Auray,auray,France,Création de landing page à Auray – Livraison 3 jours – 299 € HT,"Landing page professionnelle à Auray. Livraison rapide en 3 jours, design premium et SEO optimisé. Tarif : 299 € HT.","Landing26 crée votre landing page professionnelle à Auray, optimisée pour le SEO et orientée conversion.","Service rapide, optimisation Google locale pour Auray, intégration WhatsApp et Calendly."
Pontivy,pontivy,France,Création de landing page à Pontivy – Livraison 3 jours – 299 € HT,"Landing page professionnelle à Pontivy. Livraison rapide en 3 jours, design premium et SEO optimisé. Tarif : 299 € HT.","Landing26 crée votre landing page professionnelle à Pontivy, optimisée pour le SEO et orientée conversion.","Service rapide, optimisation Google locale pour Pontivy, intégration WhatsApp et Calendly."
Lamballe,lamballe,France,Création de landing page à Lamballe – Livraison 3 jours – 299 € HT,"Landing page professionnelle à Lamballe. Livraison rapide en 3 jours, design premium et SEO optimisé. Tarif : 299 € HT.","Landing26 crée votre landing page professionnelle à Lamballe, optimisée pour le SEO et orientée conversion.","Service rapide, optimisation Google locale pour Lamballe, intégration WhatsApp et Calendly."
Lavaur,lavaur,France,Création de landing page à Lavaur – Livraison 3 jours – 299 € HT,"Landing page professionnelle à Lavaur. Livraison rapide en 3 jours, design premium et SEO optimisé. Tarif : 299 € HT.","Landing26 crée votre landing page professionnelle à Lavaur, optimisée pour le SEO et orientée conversion.","Service rapide, optimisation Google locale pour Lavaur, intégration WhatsApp et Calendly."
Gaillac,gaillac,France,Création de landing page à Gaillac – Livraison 3 jours – 299 € HT,"Landing page professionnelle à Gaillac. Livraison rapide en 3 jours, design premium et SEO optimisé. Tarif : 299 € HT.","Landing26 crée votre landing page professionnelle à Gaillac, optimisée pour le SEO et orientée conversion.","Service rapide, optimisation Google locale pour Gaillac, intégration WhatsApp et Calendly."
Muret,muret,France,Création de landing page à Muret – Livraison 3 jours – 299 € HT,"Landing page professionnelle à Muret. Livraison rapide en 3 jours, design premium et SEO optimisé. Tarif : 299 € HT.","Landing26 crée votre landing page professionnelle à Muret, optimisée pour le SEO et orientée conversion.","Service rapide, optimisation Google locale pour Muret, intégration WhatsApp et Calendly."
Pamiers,pamiers,France,Création de landing page à Pamiers – Livraison 3 jours – 299 € HT,"Landing page professionnelle à Pamiers. Livraison rapide en 3 jours, design premium et SEO optimisé. Tarif : 299 € HT.","Landing26 crée votre landing page professionnelle à Pamiers, optimisée pour le SEO et orientée conversion.","Service rapide, optimisation Google locale pour Pamiers, intégration WhatsApp et Calendly."
Foix,foix,France,Création de landing page à Foix – Livraison 3 jours – 299 € HT,"Landing page professionnelle à Foix. Livraison rapide en 3 jours, design premium et SEO optimisé. Tarif : 299 € HT.","Landing26 crée votre landing page professionnelle à Foix, optimisée pour le SEO et orientée conversion.","Service rapide, optimisation Google locale pour Foix, intégration WhatsApp et Calendly."
Millau,millau,France,Création de landing page à Millau – Livraison 3 jours – 299 € HT,"Landing page professionnelle à Millau. Livraison rapide en 3 jours, design premium et SEO optimisé. Tarif : 299 € HT.","Landing26 crée votre landing page professionnelle à Millau, optimisée pour le SEO et orientée conversion.","Service rapide, optimisation Google locale pour Millau, intégration WhatsApp et Calendly."
Rodez,rodez,France,Création de landing page à Rodez – Livraison 3 jours – 299 € HT,"Landing page professionnelle à Rodez. Livraison rapide en 3 jours, design premium et SEO optimisé. Tarif : 299 € HT.","Landing26 crée votre landing page professionnelle à Rodez, optimisée pour le SEO et orientée conversion.","Service rapide, optimisation Google locale pour Rodez, intégration WhatsApp et Calendly."
Aurillac,aurillac,France,Création de landing page à Aurillac – Livraison 3 jours – 299 € HT,"Landing page professionnelle à Aurillac. Livraison rapide en 3 jours, design premium et SEO optimisé. Tarif : 299 € HT.","Landing26 crée votre landing page professionnelle à Aurillac, optimisée pour le SEO et orientée conversion.","Service rapide, optimisation Google locale pour Aurillac, intégration WhatsApp et Calendly."
Issoire,issoire,France,Création de landing page à Issoire – Livraison 3 jours – 299 € HT,"Landing page professionnelle à Issoire. Livraison rapide en 3 jours, design premium et SEO optimisé. Tarif : 299 € HT.","Landing26 crée votre landing page professionnelle à Issoire, optimisée pour le SEO et orientée conversion.","Service rapide, optimisation Google locale pour Issoire, intégration WhatsApp et Calendly."
Vichy,vichy,France,Création de landing page à Vichy – Livraison 3 jours – 299 € HT,"Landing page professionnelle à Vichy. Livraison rapide en 3 jours, design premium et SEO optimisé. Tarif : 299 € HT.","Landing26 crée votre landing page professionnelle à Vichy, optimisée pour le SEO et orientée conversion.","Service rapide, optimisation Google locale pour Vichy, intégration WhatsApp et Calendly."
Thiers,thiers,France,Création de landing page à Thiers – Livraison 3 jours – 299 € HT,"Landing page professionnelle à Thiers. Livraison rapide en 3 jours, design premium et SEO optimisé. Tarif : 299 € HT.","Landing26 crée votre landing page professionnelle à Thiers, optimisée pour le SEO et orientée conversion.","Service rapide, optimisation Google locale pour Thiers, intégration WhatsApp et Calendly."
Montluçon,montlucon,France,Création de landing page à Montluçon – Livraison 3 jours – 299 € HT,"Landing page professionnelle à Montluçon. Livraison rapide en 3 jours, design premium et SEO optimisé. Tarif : 299 € HT.","Landing26 crée votre landing page professionnelle à Montluçon, optimisée pour le SEO et orientée conversion.","Service rapide, optimisation Google locale pour Montluçon, intégration WhatsApp et Calendly."
Guéret,gueret,France,Création de landing page à Guéret – Livraison 3 jours – 299 € HT,"Landing page professionnelle à Guéret. Livraison rapide en 3 jours, design premium et SEO optimisé. Tarif : 299 € HT.","Landing26 crée votre landing page professionnelle à Guéret, optimisée pour le SEO et orientée conversion.","Service rapide, optimisation Google locale pour Guéret, intégration WhatsApp et Calendly."
Saintes,saintes,France,Création de landing page à Saintes – Livraison 3 jours – 299 € HT,"Landing page professionnelle à Saintes. Livraison rapide en 3 jours, design premium et SEO optimisé. Tarif : 299 € HT.","Landing26 crée votre landing page professionnelle à Saintes, optimisée pour le SEO et orientée conversion.","Service rapide, optimisation Google locale pour Saintes, intégration WhatsApp et Calendly."
Royan,royan,France,Création de landing page à Royan – Livraison 3 jours – 299 € HT,"Landing page professionnelle à Royan. Livraison rapide en 3 jours, design premium et SEO optimisé. Tarif : 299 € HT.","Landing26 crée votre landing page professionnelle à Royan, optimisée pour le SEO et orientée conversion.","Service rapide, optimisation Google locale pour Royan, intégration WhatsApp et Calendly."
Angoulême,angouleme,France,Création de landing page à Angoulême – Livraison 3 jours – 299 € HT,"Landing page professionnelle à Angoulême. Livraison rapide en 3 jours, design premium et SEO optimisé. Tarif : 299 € HT.","Landing26 crée votre landing page professionnelle à Angoulême, optimisée pour le SEO et orientée conversion.","Service rapide, optimisation Google locale pour Angoulême, intégration WhatsApp et Calendly."
Cognac,cognac,France,Création de landing page à Cognac – Livraison 3 jours – 299 € HT,"Landing page professionnelle à Cognac. Livraison rapide en 3 jours, design premium et SEO optimisé. Tarif : 299 € HT.","Landing26 crée votre landing page professionnelle à Cognac, optimisée pour le SEO et orientée conversion.","Service rapide, optimisation Google locale pour Cognac, intégration WhatsApp et Calendly."
Bergerac,bergerac,France,Création de landing page à Bergerac – Livraison 3 jours – 299 € HT,"Landing page professionnelle à Bergerac. Livraison rapide en 3 jours, design premium et SEO optimisé. Tarif : 299 € HT.","Landing26 crée votre landing page professionnelle à Bergerac, optimisée pour le SEO et orientée conversion.","Service rapide, optimisation Google locale pour Bergerac, intégration WhatsApp et Calendly."
Agen,agen,France,Création de landing page à Agen – Livraison 3 jours – 299 € HT,"Landing page professionnelle à Agen. Livraison rapide en 3 jours, design premium et SEO optimisé. Tarif : 299 € HT.","Landing26 crée votre landing page professionnelle à Agen, optimisée pour le SEO et orientée conversion.","Service rapide, optimisation Google locale pour Agen, intégration WhatsApp et Calendly."
Marmande,marmande,France,Création de landing page à Marmande – Livraison 3 jours – 299 € HT,"Landing page professionnelle à Marmande. Livraison rapide en 3 jours, design premium et SEO optimisé. Tarif : 299 € HT.","Landing26 crée votre landing page professionnelle à Marmande, optimisée pour le SEO et orientée conversion.","Service rapide, optimisation Google locale pour Marmande, intégration WhatsApp et Calendly."
Biscarrosse,biscarrosse,France,Création de landing page à Biscarrosse – Livraison 3 jours – 299 € HT,"Landing page professionnelle à Biscarrosse. Livraison rapide en 3 jours, design premium et SEO optimisé. Tarif : 299 € HT.","Landing26 crée votre landing page professionnelle à Biscarrosse, optimisée pour le SEO et orientée conversion.","Service rapide, optimisation Google locale pour Biscarrosse, intégration WhatsApp et Calendly."
Arcachon,arcachon,France,Création de landing page à Arcachon – Livraison 3 jours – 299 € HT,"Landing page professionnelle à Arcachon. Livraison rapide en 3 jours, design premium et SEO optimisé. Tarif : 299 € HT.","Landing26 crée votre landing page professionnelle à Arcachon, optimisée pour le SEO et orientée conversion.","Service rapide, optimisation Google locale pour Arcachon, intégration WhatsApp et Calendly."
Saint-Jean-de-Luz,saint-jean-de-luz,France,Création de landing page à Saint-Jean-de-Luz – Livraison 3 jours – 299 € HT,"Landing page professionnelle à Saint-Jean-de-Luz. Livraison rapide en 3 jours, design premium et SEO optimisé. Tarif : 299 € HT.","Landing26 crée votre landing page professionnelle à Saint-Jean-de-Luz, optimisée pour le SEO et orientée conversion.","Service rapide, optimisation Google locale pour Saint-Jean-de-Luz, intégration WhatsApp et Calendly."
Hendaye,hendaye,France,Création de landing page à Hendaye – Livraison 3 jours – 299 € HT,"Landing page professionnelle à Hendaye. Livraison rapide en 3 jours, design premium et SEO optimisé. Tarif : 299 € HT.","Landing26 crée votre landing page professionnelle à Hendaye, optimisée pour le SEO et orientée conversion.","Service rapide, optimisation Google locale pour Hendaye, intégration WhatsApp et Calendly."
Tarbes,tarbes,France,Création de landing page à Tarbes – Livraison 3 jours – 299 € HT,"Landing page professionnelle à Tarbes. Livraison rapide en 3 jours, design premium et SEO optimisé. Tarif : 299 € HT.","Landing26 crée votre landing page professionnelle à Tarbes, optimisée pour le SEO et orientée conversion.","Service rapide, optimisation Google locale pour Tarbes, intégration WhatsApp et Calendly."
Lourdes,lourdes,France,Création de landing page à Lourdes – Livraison 3 jours – 299 € HT,"Landing page professionnelle à Lourdes. Livraison rapide en 3 jours, design premium et SEO optimisé. Tarif : 299 € HT.","Landing26 crée votre landing page professionnelle à Lourdes, optimisée pour le SEO et orientée conversion.","Service rapide, optimisation Google locale pour Lourdes, intégration WhatsApp et Calendly."
Auch,auch,France,Création de landing page à Auch – Livraison 3 jours – 299 € HT,"Landing page professionnelle à Auch. Livraison rapide en 3 jours, design premium et SEO optimisé. Tarif : 299 € HT.","Landing26 crée votre landing page professionnelle à Auch, optimisée pour le SEO et orientée conversion.","Service rapide, optimisation Google locale pour Auch, intégration WhatsApp et Calendly."
Mende,mende,France,Création de landing page à Mende – Livraison 3 jours – 299 € HT,"Landing page professionnelle à Mende. Livraison rapide en 3 jours, design premium et SEO optimisé. Tarif : 299 € HT.","Landing26 crée votre landing page professionnelle à Mende, optimisée pour le SEO et orientée conversion.","Service rapide, optimisation Google locale pour Mende, intégration WhatsApp et Calendly."
Alès,ales,France,Création de landing page à Alès – Livraison 3 jours – 299 € HT,"Landing page professionnelle à Alès. Livraison rapide en 3 jours, design premium et SEO optimisé. Tarif : 299 € HT.","Landing26 crée votre landing page professionnelle à Alès, optimisée pour le SEO et orientée conversion.","Service rapide, optimisation Google locale pour Alès, intégration WhatsApp et Calendly."
Béthune,bethune,France,Création de landing page à Béthune – Livraison 3 jours – 299 € HT,"Landing page professionnelle à Béthune. Livraison rapide en 3 jours, design premium et SEO optimisé. Tarif : 299 € HT.","Landing26 crée votre landing page professionnelle à Béthune, optimisée pour le SEO et orientée conversion.","Service rapide, optimisation Google locale pour Béthune, intégration WhatsApp et Calendly."
St Omer,st-omer,France,Création de landing page à St Omer – Livraison 3 jours – 299 € HT,"Landing page professionnelle à St Omer. Livraison rapide en 3 jours, design premium et SEO optimisé. Tarif : 299 € HT.","Landing26 crée votre landing page professionnelle à St Omer, optimisée pour le SEO et orientée conversion.","Service rapide, optimisation Google locale pour St Omer, intégration WhatsApp et Calendly."
Calais,calais,France,Création de landing page à Calais – Livraison 3 jours – 299 € HT,"Landing page professionnelle à Calais. Livraison rapide en 3 jours, design premium et SEO optimisé. Tarif : 299 € HT.","Landing26 crée votre landing page professionnelle à Calais, optimisée pour le SEO et orientée conversion.","Service rapide, optimisation Google locale pour Calais, intégration WhatsApp et Calendly."
Boulogne-sur-Mer,boulogne-sur-mer,France,Création de landing page à Boulogne-sur-Mer – Livraison 3 jours – 299 € HT,"Landing page professionnelle à Boulogne-sur-Mer. Livraison rapide en 3 jours, design premium et SEO optimisé. Tarif : 299 € HT.","Landing26 crée votre landing page professionnelle à Boulogne-sur-Mer, optimisée pour le SEO et orientée conversion.","Service rapide, optimisation Google locale pour Boulogne-sur-Mer, intégration WhatsApp et Calendly."
Hazebrouck,hazebrouck,France,Création de landing page à Hazebrouck – Livraison 3 jours – 299 € HT,"Landing page professionnelle à Hazebrouck. Livraison rapide en 3 jours, design premium et SEO optimisé. Tarif : 299 € HT.","Landing26 crée votre landing page professionnelle à Hazebrouck, optimisée pour le SEO et orientée conversion.","Service rapide, optimisation Google locale pour Hazebrouck, intégration WhatsApp et Calendly."
